
===== PIPEFY_0002 (sync.sync_0002_sindicato) =====
DONE PIPEFY_0002 -> 307304972 stats={'created': 0, 'updated': 0, 'concluded': 0, 'reactivated': 0, 'ok': 2} dry_run=False

===== PIPEFY_0003 (sync.sync_0003_centro_custo) =====
DONE PIPEFY_0003 -> 307304973 stats={'created': 0, 'updated': 0, 'concluded': 0, 'reactivated': 0, 'ok': 180} dry_run=False

===== PIPEFY_0004 (sync.sync_0004_setor) =====
[WARN] RM duplicado: COORDENACAO DE ENSINO
[WARN] RM duplicado: CURSO DE ODONTOLOGIA
DONE PIPEFY_0004 -> 307304979 stats={'created': 0, 'updated': 0, 'concluded': 0, 'reactivated': 0, 'ok': 224} dry_run=False

===== PIPEFY_0005 (sync.sync_0005_funcao) =====
[WARN] RM duplicado (mesma função, mantém 1ª): AJUDANTE DE SERVICOS GERAIS
[WARN] RM duplicado (mesma função, mantém 1ª): PRESTADOR DE SERVICO
[WARN] RM duplicado (mesma função, mantém 1ª): PRESTADOR DE SERVICO
[CREATE] ASSESSOR EXECUTIVO DE INFRAESTRUTURA
DONE PIPEFY_0005 -> 307304984 stats={'created': 1, 'updated': 0, 'concluded': 0, 'reactivated': 0, 'ok': 557} dry_run=False

===== PIPEFY_0012 (sync.sync_0012_horario) =====
[CREATE] COD=003
[CREATE] COD=007.5
[CREATE] COD=012.1
[CREATE] COD=012.4
[CREATE] COD=017.1
[CREATE] COD=017.10
[CREATE] COD=017.11
[CREATE] COD=017.12
[CREATE] COD=017.13
[CREATE] COD=017.14
[CREATE] COD=017.15
[CREATE] COD=017.16
[CREATE] COD=017.17
[CREATE] COD=017.18
[CREATE] COD=017.19
[CREATE] COD=017.20
[CREATE] COD=017.21
[CREATE] COD=017.22
[CREATE] COD=017.23
[CREATE] COD=017.24
[CREATE] COD=017.25
[CREATE] COD=017.3
[CREATE] COD=017.4
[CREATE] COD=017.6
[CREATE] COD=017.7
[CREATE] COD=017.8
[CREATE] COD=017.9
[CREATE] COD=019.1
[CREATE] COD=020.5
[CREATE] COD=021
[CREATE] COD=021.6
[CREATE] COD=021.8
[CREATE] COD=024
[CREATE] COD=024.1
[CREATE] COD=024.4
[CREATE] COD=027.2
[CREATE] COD=029.3
[CREATE] COD=031
[CREATE] COD=035.3
[CREATE] COD=037.6
[CREATE] COD=040.10
[CREATE] COD=040.12
[CREATE] COD=049
[CREATE] COD=049.1
[CREATE] COD=049.2
Traceback (most recent call last):
  File "/home/matheus/bahiana/sync_all.py", line 70, in <module>
    main()
    ~~~~^^
  File "/home/matheus/bahiana/sync_all.py", line 61, in main
    stats = mod.sync(dry_run=args.dry_run, limit=args.limit)
  File "/home/matheus/bahiana/sync/sync_0012_horario.py", line 97, in sync
    pipefy_client.create_table_record(TABLE_ID, title, expected, token=token)
    ~~~~~~~~~~~~~~~~~~~~~~~~~~~~~~~~~^^^^^^^^^^^^^^^^^^^^^^^^^^^^^^^^^^^^^^^^
  File "/home/matheus/bahiana/pipefy_client.py", line 154, in create_table_record
    data = graphql(mutation, token=token)
  File "/home/matheus/bahiana/pipefy_client.py", line 45, in graphql
    resp.raise_for_status()
    ~~~~~~~~~~~~~~~~~~~~~^^
  File "/home/matheus/.pyenv/versions/3.14.6/lib/python3.14/site-packages/requests/models.py", line 1028, in raise_for_status
    raise HTTPError(http_error_msg, response=self)
requests.exceptions.HTTPError: 502 Server Error: Bad Gateway for url: https://api.pipefy.com/graphql

===== PIPEFY_0002 (sync.sync_0002_sindicato) =====
DONE PIPEFY_0002 -> 307304972 stats={'created': 0, 'updated': 0, 'concluded': 0, 'reactivated': 0, 'ok': 2} dry_run=False

===== PIPEFY_0003 (sync.sync_0003_centro_custo) =====
DONE PIPEFY_0003 -> 307304973 stats={'created': 0, 'updated': 0, 'concluded': 0, 'reactivated': 0, 'ok': 180} dry_run=False

===== PIPEFY_0004 (sync.sync_0004_setor) =====
[WARN] RM duplicado: COORDENACAO DE ENSINO
[WARN] RM duplicado: CURSO DE ODONTOLOGIA
DONE PIPEFY_0004 -> 307304979 stats={'created': 0, 'updated': 0, 'concluded': 0, 'reactivated': 0, 'ok': 224} dry_run=False

===== PIPEFY_0005 (sync.sync_0005_funcao) =====
[WARN] RM duplicado (mesma função, mantém 1ª): AJUDANTE DE SERVICOS GERAIS
[WARN] RM duplicado (mesma função, mantém 1ª): PRESTADOR DE SERVICO
[WARN] RM duplicado (mesma função, mantém 1ª): PRESTADOR DE SERVICO
DONE PIPEFY_0005 -> 307304984 stats={'created': 0, 'updated': 0, 'concluded': 0, 'reactivated': 0, 'ok': 558} dry_run=False

===== PIPEFY_0012 (sync.sync_0012_horario) =====
[CREATE] COD=049.2
[CREATE] COD=049.3
[CREATE] COD=049.4
[CREATE] COD=050.1
[CREATE] COD=051
[CREATE] COD=053
[CREATE] COD=053.1
[CREATE] COD=053.2
[CREATE] COD=062
[CREATE] COD=063.2
[CREATE] COD=065.2
[CREATE] COD=067.2
[CREATE] COD=070
[CREATE] COD=070.1
[CREATE] COD=070.2
[CREATE] COD=071
[CREATE] COD=071.1
[CREATE] COD=071.2
[CREATE] COD=071.3
[CREATE] COD=071.5
[CREATE] COD=071.6
[CREATE] COD=071.7
[CREATE] COD=072.1
[CREATE] COD=077.2
[CREATE] COD=077.3
[CREATE] COD=078.3
[CREATE] COD=081
[CREATE] COD=087.1
[CREATE] COD=089.1
[CREATE] COD=090
[CREATE] COD=099.1
[CREATE] COD=099.2
[CREATE] COD=107.2
[CREATE] COD=111.1
[CREATE] COD=112.2
[CREATE] COD=113
[CREATE] COD=113.5
[CREATE] COD=12.3
[CREATE] COD=12.5
[CREATE] COD=120
[CREATE] COD=121.3
[CREATE] COD=122
[CREATE] COD=122.2
[CREATE] COD=122.3
[CREATE] COD=129.1
[CREATE] COD=130.2
[CREATE] COD=139.1
[CREATE] COD=149.1
[CREATE] COD=160
[CREATE] COD=160.1
[CREATE] COD=160.2
[CREATE] COD=160.4
[CREATE] COD=167.1
[CREATE] COD=168
[CREATE] COD=170.1
[CREATE] COD=170.2
[CREATE] COD=172
[CREATE] COD=177
[CREATE] COD=178
[CREATE] COD=178.1
[CREATE] COD=178.2
[CREATE] COD=179
[CREATE] COD=184
[CREATE] COD=187
[CREATE] COD=191.2
[CREATE] COD=193
[CREATE] COD=204
[CREATE] COD=207
[CREATE] COD=207.1
[CREATE] COD=207.2
[CREATE] COD=208
[CREATE] COD=215
[CREATE] COD=215.1
[CREATE] COD=226.2
[CREATE] COD=226.3
[CREATE] COD=226.4
[CREATE] COD=24.1
[CREATE] COD=242
[CREATE] COD=243
[CREATE] COD=244
[CREATE] COD=245
[CREATE] COD=246
[CREATE] COD=247
[CREATE] COD=248
[CREATE] COD=249
[CREATE] COD=250
[CREATE] COD=251
[CREATE] COD=252
[CREATE] COD=253
[CREATE] COD=254
[CREATE] COD=255
[CREATE] COD=256
[CREATE] COD=257
[CREATE] COD=258
[CREATE] COD=260
[CREATE] COD=262
[CREATE] COD=263
[CREATE] COD=264
[CREATE] COD=265
[CREATE] COD=267
[CREATE] COD=268
[CREATE] COD=269
[CREATE] COD=270
[CREATE] COD=274
[CREATE] COD=276
[CREATE] COD=277
[CREATE] COD=278
[CREATE] COD=279
[CREATE] COD=281
[CREATE] COD=286
[CREATE] COD=287
[CREATE] COD=288
[CREATE] COD=289
[CREATE] COD=290
[CREATE] COD=291
[CREATE] COD=293
[CREATE] COD=294
[CREATE] COD=295
[CREATE] COD=297
[CREATE] COD=299
[CREATE] COD=300.12
[CREATE] COD=300.8
[CREATE] COD=301
[CREATE] COD=302.00
[CREATE] COD=302.01Comp
[CREATE] COD=303
[CREATE] COD=305
[CREATE] COD=307
[CREATE] COD=310
[CREATE] COD=311
[CREATE] COD=313
[CREATE] COD=319
[CREATE] COD=320
[CREATE] COD=321
[CREATE] COD=323
[CREATE] COD=325
[CREATE] COD=326
[CREATE] COD=330
[CREATE] COD=331
[CREATE] COD=333
[CREATE] COD=334
[CREATE] COD=337
[CREATE] COD=338
[CREATE] COD=344
[CREATE] COD=345
[CREATE] COD=348
[CREATE] COD=356
[CREATE] COD=357
[CREATE] COD=360
[CREATE] COD=362
[CREATE] COD=363
[CREATE] COD=366
[CREATE] COD=369
[CREATE] COD=371
[CREATE] COD=378
[CREATE] COD=379
[CREATE] COD=384
[CREATE] COD=385
[CREATE] COD=386
[CREATE] COD=388
[CREATE] COD=390
[CREATE] COD=391
[CREATE] COD=392
[CREATE] COD=393
[CREATE] COD=395
[CREATE] COD=399
[CREATE] COD=400
[CREATE] COD=401
[CREATE] COD=402
[CREATE] COD=408
[CREATE] COD=410
[CREATE] COD=411
[CREATE] COD=412
[CREATE] COD=413
[CREATE] COD=414
[CREATE] COD=416
[CREATE] COD=418
[CREATE] COD=419
[CREATE] COD=420
[CREATE] COD=422
[CREATE] COD=424
[CREATE] COD=425
[CREATE] COD=428
[CREATE] COD=429
[CREATE] COD=430
[CREATE] COD=431
[CREATE] COD=433
[CREATE] COD=434
[CREATE] COD=435
[CREATE] COD=436
[CREATE] COD=437
[CREATE] COD=438
[CREATE] COD=439
[CREATE] COD=441
[CREATE] COD=442
[CREATE] COD=443
[CREATE] COD=444
[CREATE] COD=445
[CREATE] COD=446
[CREATE] COD=447
[CREATE] COD=448
[CREATE] COD=449
[CREATE] COD=450
[CREATE] COD=451
[CREATE] COD=452
[CREATE] COD=453
[CREATE] COD=455
[CREATE] COD=456
[CREATE] COD=457
[CREATE] COD=458
[CREATE] COD=459
[CREATE] COD=460
[CREATE] COD=461
[CREATE] COD=462
[CREATE] COD=463
[CREATE] COD=464
[CREATE] COD=465
[CREATE] COD=466
[CREATE] COD=467
[CREATE] COD=468
[CREATE] COD=469
[CREATE] COD=470
[CREATE] COD=471
[CREATE] COD=472
[CREATE] COD=473
[CREATE] COD=474
[CREATE] COD=475
[CREATE] COD=476
[CREATE] COD=477
[CREATE] COD=478
[CREATE] COD=479
[CREATE] COD=480
[CREATE] COD=481
[CREATE] COD=482
[CREATE] COD=483
[CREATE] COD=484
[CREATE] COD=485
[CREATE] COD=487
[CREATE] COD=488
[CREATE] COD=489
[CREATE] COD=490
[CREATE] COD=491
[CREATE] COD=492
[CREATE] COD=493
[CREATE] COD=494
[CREATE] COD=495
[CREATE] COD=496
[CREATE] COD=497
[CREATE] COD=498
[CREATE] COD=499
[CREATE] COD=5004
[CREATE] COD=501
[CREATE] COD=502
[CREATE] COD=503
[CREATE] COD=504
[CREATE] COD=505
[CREATE] COD=506
[CREATE] COD=507
[CREATE] COD=508
[CREATE] COD=509
[CREATE] COD=510
[CREATE] COD=511
[CREATE] COD=512
[CREATE] COD=513
[CREATE] COD=514
[CREATE] COD=515
[CREATE] COD=516
[CREATE] COD=517
[CREATE] COD=518
[CREATE] COD=519
[CREATE] COD=520
[CREATE] COD=521
[CREATE] COD=522
[CREATE] COD=523
[CREATE] COD=524
[CREATE] COD=525
[CREATE] COD=526
[CREATE] COD=527
[CREATE] COD=529
[CREATE] COD=530
[CREATE] COD=531 - B
[CREATE] COD=532 - B
[CREATE] COD=533 - A
[CREATE] COD=533 - B
[CREATE] COD=534 - 6
[CREATE] COD=535
[CREATE] COD=536
[CREATE] COD=537
[CREATE] COD=538
[CREATE] COD=539
[CREATE] COD=540
[CREATE] COD=541
[CREATE] COD=542
[CREATE] COD=543
[CREATE] COD=544
[CREATE] COD=545
[CREATE] COD=546
[CREATE] COD=547
[CREATE] COD=548
[CREATE] COD=549
[CREATE] COD=550
[CREATE] COD=551
[CREATE] COD=552
[CREATE] COD=553
[CREATE] COD=554
[CREATE] COD=555
[CREATE] COD=556
[CREATE] COD=557
[CREATE] COD=558
[CREATE] COD=559
[CREATE] COD=560
[CREATE] COD=561
[CREATE] COD=562
[CREATE] COD=563
[CREATE] COD=564
[CREATE] COD=565
[CREATE] COD=566
[CREATE] COD=567
[CREATE] COD=568
[CREATE] COD=569
[CREATE] COD=570
[CREATE] COD=571
[CREATE] COD=572
[CREATE] COD=573
[CREATE] COD=574
[CREATE] COD=575
[CREATE] COD=576
[CREATE] COD=577
[CREATE] COD=578
[CREATE] COD=579
[CREATE] COD=580
[CREATE] COD=581
[CREATE] COD=582
[CREATE] COD=583
[CREATE] COD=584
[CREATE] COD=585
[CREATE] COD=586
[CREATE] COD=587
[CREATE] COD=588
[CREATE] COD=589
[CREATE] COD=590
[CREATE] COD=591
[CREATE] COD=592
[CREATE] COD=593
[CREATE] COD=594
[CREATE] COD=595
[CREATE] COD=596
[CREATE] COD=597
[CREATE] COD=598
[CREATE] COD=60.2
[CREATE] COD=60.3
[CREATE] COD=62.2
[CREATE] COD=63
[CREATE] COD=63.2
[CREATE] COD=70
[CREATE] COD=71
[CREATE] COD=72
[CREATE] COD=72.1
[CREATE] COD=73
[CREATE] COD=74
[CREATE] COD=76
[CREATE] COD=97
[CREATE] COD=Comp 30 t.
[CREATE] COD=FOLGA
[CREATE] COD=FOLGA NOT
DONE PIPEFY_0012 -> 307343427 stats={'created': 365, 'updated': 0, 'concluded': 0, 'reactivated': 0, 'ok': 44} dry_run=False

===== PIPEFY_0001 (sync.sync_0001_pessoa) =====
[UPDATE] CHAPA=1680 id=1451050044 diff=['situa_o']
[UPDATE] CHAPA=1255 id=1451050179 diff=['situa_o']
[UPDATE] CHAPA=3115 id=1451051449 diff=['situa_o']
[UPDATE] CHAPA=3649 id=1451052101 diff=['situa_o']
[UPDATE] CHAPA=3946 id=1451052379 diff=['situa_o']
[UPDATE] CHAPA=07509 id=1451052527 diff=['drecri_o_hor_rio']
[UPDATE] CHAPA=4477 id=1451052990 diff=['situa_o']
[UPDATE] CHAPA=4522 id=1451053072 diff=['situa_o']
[UPDATE] CHAPA=4548 id=1451053082 diff=['situa_o']
[UPDATE] CHAPA=4737 id=1451053398 diff=['situa_o']
[UPDATE] CHAPA=5157 id=1451054003 diff=['situa_o']
[UPDATE] CHAPA=5172 id=1451054013 diff=['situa_o']
[UPDATE] CHAPA=5184 id=1451054045 diff=['situa_o']
[UPDATE] CHAPA=06811 id=1451054621 diff=['situa_o']
[UPDATE] CHAPA=08238 id=1451055003 diff=['situa_o']
[UPDATE] CHAPA=5843 id=1451055156 diff=['setor', 'cnpj']
[UPDATE] CHAPA=5863 id=1451055223 diff=['situa_o']
[UPDATE] CHAPA=6047 id=1451055682 diff=['situa_o']
[UPDATE] CHAPA=06920 id=1451055910 diff=['situa_o']
[UPDATE] CHAPA=6262 id=1451056122 diff=['situa_o']
[UPDATE] CHAPA=6211 id=1451056158 diff=['drecri_o_hor_rio']
[UPDATE] CHAPA=6245 id=1451056227 diff=['situa_o']
[CREATE] CHAPA=08244 NOME=SARA NUNES DE OLIVEIRA ARAUJO
[UPDATE] CHAPA=6331 id=1451056464 diff=['situa_o']
[UPDATE] CHAPA=6382 id=1451056637 diff=['situa_o']
[UPDATE] CHAPA=6389 id=1451056681 diff=['situa_o']
[UPDATE] CHAPA=6395 id=1451056702 diff=['situa_o']
[UPDATE] CHAPA=6405 id=1451056736 diff=['situa_o']
[UPDATE] CHAPA=06462 id=1451056890 diff=['situa_o']
[UPDATE] CHAPA=06509 id=1451057032 diff=['drecri_o_hor_rio']
[UPDATE] CHAPA=06512 id=1451057051 diff=['situa_o']
[UPDATE] CHAPA=06514 id=1451057074 diff=['situa_o']
[UPDATE] CHAPA=06801 id=1451057121 diff=['situa_o']
[UPDATE] CHAPA=06553 id=1451057329 diff=['situa_o']
[UPDATE] CHAPA=06717 id=1451057470 diff=['drecri_o_hor_rio']
[UPDATE] CHAPA=06599 id=1451057521 diff=['drecri_o_hor_rio']
[UPDATE] CHAPA=06627 id=1451057622 diff=['situa_o']
[UPDATE] CHAPA=06720 id=1451057960 diff=['situa_o']
[UPDATE] CHAPA=06727 id=1451057984 diff=['situa_o']
[UPDATE] CHAPA=06803 id=1451058309 diff=['situa_o']
[UPDATE] CHAPA=06905 id=1451058778 diff=['situa_o']
[UPDATE] CHAPA=07386 id=1451059368 diff=['situa_o']
[UPDATE] CHAPA=07418 id=1451059456 diff=['situa_o']
[UPDATE] CHAPA=07726 id=1451060399 diff=['regime']
[UPDATE] CHAPA=07128 id=1451060598 diff=['situa_o']
[UPDATE] CHAPA=07140 id=1451060676 diff=['situa_o']
[UPDATE] CHAPA=07183 id=1451061095 diff=['situa_o']
[UPDATE] CHAPA=07199 id=1451061244 diff=['drecri_o_hor_rio']
[UPDATE] CHAPA=07212 id=1451061383 diff=['situa_o']
[UPDATE] CHAPA=07240 id=1451061576 diff=['situa_o']
[UPDATE] CHAPA=07257 id=1451061862 diff=['situa_o']
[UPDATE] CHAPA=07276 id=1451061995 diff=['situa_o']
[UPDATE] CHAPA=07347 id=1451062535 diff=['situa_o']
[UPDATE] CHAPA=07352 id=1451062659 diff=['situa_o']
[UPDATE] CHAPA=07450 id=1451063470 diff=['drecri_o_hor_rio']
[UPDATE] CHAPA=07468 id=1451063580 diff=['situa_o']
[UPDATE] CHAPA=07515 id=1451064167 diff=['situa_o']
[UPDATE] CHAPA=07516 id=1451064182 diff=['situa_o', 'drecri_o_hor_rio']
[UPDATE] CHAPA=07519 id=1451064202 diff=['situa_o']
[UPDATE] CHAPA=07520 id=1451064222 diff=['situa_o']
[UPDATE] CHAPA=07545 id=1451064396 diff=['situa_o']
[UPDATE] CHAPA=07552 id=1451064461 diff=['situa_o']
[UPDATE] CHAPA=07562 id=1451064545 diff=['situa_o']
[UPDATE] CHAPA=07986 id=1451064999 diff=['situa_o']
[UPDATE] CHAPA=07982 id=1451065019 diff=['situa_o']
[UPDATE] CHAPA=07624 id=1451065146 diff=['situa_o']
[UPDATE] CHAPA=07675 id=1451065495 diff=['situa_o']
[UPDATE] CHAPA=07682 id=1451065541 diff=['situa_o', 'drecri_o_hor_rio']
[UPDATE] CHAPA=07721 id=1451065950 diff=['situa_o']
[UPDATE] CHAPA=07733 id=1451066085 diff=['situa_o']
[UPDATE] CHAPA=07771 id=1451066331 diff=['situa_o']
[UPDATE] CHAPA=07867 id=1451066510 diff=['grau_de_instru_o', 'drecri_o_hor_rio']
[UPDATE] CHAPA=07817 id=1451066981 diff=['situa_o']
[UPDATE] CHAPA=07855 id=1451067405 diff=['situa_o']
[UPDATE] CHAPA=07860 id=1451067529 diff=['situa_o']
[UPDATE] CHAPA=07873 id=1451067627 diff=['situa_o']
[UPDATE] CHAPA=07904 id=1451067971 diff=['situa_o']
[UPDATE] CHAPA=07925 id=1451068175 diff=['situa_o']
[UPDATE] CHAPA=07930 id=1451068239 diff=['situa_o']
[UPDATE] CHAPA=07945 id=1451068372 diff=['situa_o']
[UPDATE] CHAPA=07953 id=1451068486 diff=['situa_o']
[UPDATE] CHAPA=07963 id=1451068595 diff=['setor', 'email', 'cnpj', 'areaunificada', 'gerencia_relacionada', 'coordena_o']
[UPDATE] CHAPA=07974 id=1451068717 diff=['situa_o']
[UPDATE] CHAPA=08013 id=1451069044 diff=['situa_o']
[UPDATE] CHAPA=08016 id=1451069047 diff=['situa_o']
[UPDATE] CHAPA=08030 id=1451069107 diff=['situa_o']
[UPDATE] CHAPA=08038 id=1451069146 diff=['situa_o']
[UPDATE] CHAPA=08067 id=1451069256 diff=['drecri_o_hor_rio']
[UPDATE] CHAPA=08069 id=1451069261 diff=['drecri_o_hor_rio']
[UPDATE] CHAPA=08104 id=1451069410 diff=['drecri_o_hor_rio']
[CREATE] CHAPA=08175 NOME=FABIO MURILO BARRETO DULTRA
[CREATE] CHAPA=08176 NOME=LETICIA LEMOS SANTOS DE SOUZA
[CREATE] CHAPA=08177 NOME=HANNA MARIA GUEDES E SILVA
[CREATE] CHAPA=08178 NOME=ROBERTA QUEIROZ DALTRO
[CREATE] CHAPA=08179 NOME=YAN SANTOS SANTIAGO
[CREATE] CHAPA=08180 NOME=ANNA BEATRIZ SANTANA DE MELO
[CREATE] CHAPA=08181 NOME=IANA ROSARIO DE SOUZA
[CREATE] CHAPA=08182 NOME=ENDI KATHLEEN DO NASCIMENTO GOMES BORBOSA
[CREATE] CHAPA=08183 NOME=MARIA CECILIA CASTRO PURIFICACAO DE ALMEIDA
[CREATE] CHAPA=08184 NOME=GUILHERME OLIVEIRA GOMES
[CREATE] CHAPA=08783 NOME=LARA DOS SANTOS BENVINDO
[CREATE] CHAPA=08185 NOME=GUSTAVO FARIAS FIGUEIREDO
[CREATE] CHAPA=08186 NOME=NELSON DOS SANTOS LIMA NETO
[CREATE] CHAPA=08187 NOME=ESTER VICTORIA SANTOS BARBOSA
[CREATE] CHAPA=08188 NOME=VINICIUS DE ALMEIDA DOS SANTOS
[CREATE] CHAPA=08189 NOME=MARIANA SANTOS ALVES
[CREATE] CHAPA=08190 NOME=AMON TEBAS OLIVEIRA DE JESUS
[CREATE] CHAPA=08192 NOME=GEOVANE OLIVEIRA SANTOS
[CREATE] CHAPA=08193 NOME=RAQUEL DA SILVA OLIVEIRA
[CREATE] CHAPA=08194 NOME=KAILANE OLIVEIRA DE SOUSA
[CREATE] CHAPA=08195 NOME=ANA CLARA PEREIRA DO CARMO
[CREATE] CHAPA=08196 NOME=MARIANA ANUNCIACAO DE BRITO
[CREATE] CHAPA=08197 NOME=PEDRO ANDRADE DA CONCEICAO
[CREATE] CHAPA=08198 NOME=PEDRO HENRIQUE DIAS DE QUEIROZ DOS SANTOS
[CREATE] CHAPA=08199 NOME=MARIA JULIA MENDONCA LEMOS MARTINS
[CREATE] CHAPA=08200 NOME=ANA BEATRIZ DE ABREU CARVALHO LIMA
[CREATE] CHAPA=08202 NOME=SIARA NASCIMENTO COUTINHO DE SOUZA
[CREATE] CHAPA=08785 NOME=MELINA OLIVEIRA MOTA
[CREATE] CHAPA=08786 NOME=RAFAEL ROXO BORGES
[CREATE] CHAPA=08787 NOME=BEATRIZ QUEIROZ MOURA ROCHA
[CREATE] CHAPA=08788 NOME=SOFIA PEREIRA DO CARMO
[CREATE] CHAPA=08789 NOME=PHILIPPE MUNIZ AMORIM SANTOS
[CREATE] CHAPA=08203 NOME=GISSILENE PENA DOS SANTOS
[CREATE] CHAPA=08204 NOME=LUCAS BOHANA CARIA
[CREATE] CHAPA=08205 NOME=CELSO NASCIMENTO DE ALMEIDA
[CREATE] CHAPA=08206 NOME=IGOR ALISSON TOBIAS DE MATOS
[CREATE] CHAPA=08207 NOME=CLARA CAROLINE DE CASTRO LIMA RAMOS
[CREATE] CHAPA=08208 NOME=YASMIN BARBOSA DE MATTOS
[CREATE] CHAPA=08209 NOME=MARINA CHETTO COUTINHO BISPO
[CREATE] CHAPA=08211 NOME=FILIP MESSIAS SANTANA PRADO
[CREATE] CHAPA=08212 NOME=ANA BEATRIZ DIDIER STUDART
[CREATE] CHAPA=08213 NOME=CARINE SCHITINI PINHEIRO D ALMEIDA MONTEIRO
[CREATE] CHAPA=08214 NOME=LUDMILA DIAS DE CARVALHO ANDRADE
[CREATE] CHAPA=08215 NOME=ROBERTA RODRIGUES CASALI BAHIA
[CREATE] CHAPA=08216 NOME=MARCOS TEODORO DOS SANTOS
[CREATE] CHAPA=08217 NOME=DANUBIA MARIA DOS SANTOS
[CREATE] CHAPA=08218 NOME=RENATA SANTOS GUIMARAES
[CREATE] CHAPA=08219 NOME=MARIO FERRARI NETO
[CREATE] CHAPA=08220 NOME=MATHEUS JACOBINA ANDRADE E SILVA
[CREATE] CHAPA=08221 NOME=YURI MOURA MATA MARTINS
[CREATE] CHAPA=08222 NOME=JULIANA ALMEIDA TORRES BRITO
[CREATE] CHAPA=08223 NOME=PRISCILA MARY DOS SANTOS BAHIA
[CREATE] CHAPA=08224 NOME=PEDRO SANTOS MUCCILLO REIS
[CREATE] CHAPA=08225 NOME=GABRIEL DIAS SANTOS CERQUEIRA
[CREATE] CHAPA=08226 NOME=ILANA RODRIGUES SANTOS
[CREATE] CHAPA=08227 NOME=JOSIANE MOREIRA GERMANO
[CREATE] CHAPA=08228 NOME=BRUNO SANTANA ARAUJO
[CREATE] CHAPA=08230 NOME=STEFANE SOUSA DE SAO LEAO
[CREATE] CHAPA=08231 NOME=MICAEL SILVA SANTOS
[CREATE] CHAPA=08791 NOME=LUAN DOS SANTOS SANTA ROSA
[CREATE] CHAPA=08792 NOME=JONATAS SANTOS DOS ANJOS
[CREATE] CHAPA=08790 NOME=TAINA COSTA BATISTA
[CREATE] CHAPA=08232 NOME=ALAN JORGE CARVALHO SANTOS
[CREATE] CHAPA=08235 NOME=IGOR SANTOS DE OLIVEIRA
[CREATE] CHAPA=08236 NOME=JESSICA BEZERRA FERREIRA
[CREATE] CHAPA=08237 NOME=ANA LUISA DE ARAUJO DIAS
[CREATE] CHAPA=08239 NOME=RANIERI RODRIGUES LEAL
[CREATE] CHAPA=08240 NOME=JEFFERSON SILVA DE BARROS
[CREATE] CHAPA=08241 NOME=MICHELLE MONTEIRO DE OLIVEIRA
[CREATE] CHAPA=08242 NOME=LUIZA DORR DARZE
[CREATE] CHAPA=08243 NOME=HILA ANUNCIACAO DOS SANTOS COSTA
[CREATE] CHAPA=08793 NOME=ANA CAROLINA BARRETO DE SOUSA
[CREATE] CHAPA=08245 NOME=TARCISIO AUGUSTO RAMOS VIEIRA DA SILVA
[CREATE] CHAPA=08246 NOME=MARIA SAMANTHA SANTANA DE CARVALHO
[CREATE] CHAPA=08247 NOME=MARCUS VINICIUS SANTOS MOREIRA
[CONCLUDE] CHAPA=07313 id=1451056107 title=SANDRA SANTANA BELTOSO
[CONCLUDE] CHAPA=06475 id=1451056937 title=DENISE DIB MARTINS GARRIDO
[CONCLUDE] CHAPA=06615 id=1451057603 title=CARMEN ROSA SOUZA RODRIGUES
[CONCLUDE] CHAPA=08165 id=1451069689 title=LUIS ARTHUR SANTOS CAMPOS
DONE PIPEFY_0001 -> 307296359 stats={'created': 76, 'updated': 89, 'concluded': 4, 'reactivated': 0, 'ok': 1456} dry_run=False

===== PIPEFY_0011 (sync.sync_0011_gestor) =====
[CREATE] CHAPA=2946 NOME=ADENILDA COUTO BARBOSA PINTO
[CREATE] CHAPA=5715 NOME=ADRIANA DE AQUINO LIMA
[CREATE] CHAPA=1929 NOME=ANA VERONICA MASCARENHAS BATISTA
[CREATE] CHAPA=6402 NOME=ANDRE SOLIANI COSTA
[CREATE] CHAPA=1726 NOME=ANTONIO CARLOS COSTA
[CREATE] CHAPA=1819 NOME=ATSON CARLOS DE SOUZA FERNANDES
[CREATE] CHAPA=1698 NOME=BERNARDO GALVAO CASTRO FILHO
[CREATE] CHAPA=4566 NOME=CAROLINA PEDROZA DE CARVALHO GARCIA
[CREATE] CHAPA=5865 NOME=CLARCSON PLACIDO CONCEICAO DOS SANTOS
[CREATE] CHAPA=4933 NOME=CLAUDIO PORTO SANTOS
[CREATE] CHAPA=4689 NOME=DIEGO SILVA MENEZES
[CREATE] CHAPA=4548 NOME=EMANOEL OLIMPIO ALVES DE SOUZA
[CREATE] CHAPA=3433 NOME=EUCLIDES ANTONIO VIEIRA DE ALMEIDA
[CREATE] CHAPA=5067 NOME=FABIANA ALVES PERIN
[CREATE] CHAPA=1441 NOME=FRANCISCO PAULO DA SILVA RAMALHO
[CREATE] CHAPA=5063 NOME=GEISA ARLETE DO CARMO SANTOS
[CREATE] CHAPA=1872 NOME=GERALDO JOSE ARGOLO FERRARO
[CREATE] CHAPA=6204 NOME=GILSON SANTANA ROCHA DE SOUZA
[CREATE] CHAPA=4969 NOME=GLADYS LUCIA ASSUNCAO PITANGA
[CREATE] CHAPA=5335 NOME=HUMBERTO DE CASTRO LIMA FILHO
[CREATE] CHAPA=3159 NOME=IVONILDES FEIJO SANTOS CUNHA
[CREATE] CHAPA=4604 NOME=JANAINA OLIVEIRA PITANGA
[CREATE] CHAPA=1848 NOME=JOELMA LOUREIRO DE SOUZA MAIA
[CREATE] CHAPA=6322 NOME=JOSE ROBERTO DOS SANTOS ANDRADE
[CREATE] CHAPA=07893 NOME=JULIANA BARBOSA GOULARDINS
[CREATE] CHAPA=4599 NOME=LIGIA MARQUES VILAS BOAS
[CREATE] CHAPA=6312 NOME=LISIA MARIANA SILVA DE OLIVEIRA
[CREATE] CHAPA=5348 NOME=LUCIANA LIMA BRANCO
[CREATE] CHAPA=4584 NOME=LUCIANA OLIVEIRA RANGEL PINHEIRO
[CREATE] CHAPA=4954 NOME=LUCIANA RIBEIRO BILITARIO
[CREATE] CHAPA=2105 NOME=LUIZA DE OLIVEIRA KRUSCHEWSKY RIBEIRO
[CREATE] CHAPA=07080 NOME=MARCIA ALEXIS DOS SANTOS FERREIRA
[CREATE] CHAPA=5698 NOME=MARGARIDA CARVALHO SOLIANI
[CREATE] CHAPA=3259 NOME=MARIA ANGELICA GODINHO MENDES DE ABREU
[CREATE] CHAPA=2098 NOME=MARIA ANTONIETA NASCIMENTO ARAUJO
[CREATE] CHAPA=3311 NOME=MARIA CECILIA FONSECA AZOUBEL
[CREATE] CHAPA=4102 NOME=MARIA DE LOURDES DE FREITAS GOMES
[CREATE] CHAPA=0488 NOME=MARIA LUISA CARVALHO SOLIANI
[CREATE] CHAPA=06481 NOME=MARIANA SOLIANI COSTA
[CREATE] CHAPA=3840 NOME=MYLA DE LIMA AROUCA OLIVEIRA
[CREATE] CHAPA=1707 NOME=NELMA RAMOS SILVA COSTA SANTOS
[CREATE] CHAPA=06697 NOME=PATRICIA VIRGINIA DE CASTRO ARGOLLO
[CREATE] CHAPA=5591 NOME=POLLYANNA CARVALHO LEAL FIGUEIREDO
[CREATE] CHAPA=5103 NOME=ROSICLEIDE ARAUJO FREITAS MACHADO
[CREATE] CHAPA=3790 NOME=SARA VIEIRA LIMA SARACENO
[CREATE] CHAPA=07420 NOME=SILVIA CATIA RODRIGUES GONCALVES
[CREATE] CHAPA=4614 NOME=SYLVIA MARIA BARRETO DA SILVA
[CREATE] CHAPA=5118 NOME=TATIANE DO AMARAL OLIVEIRA
[CREATE] CHAPA=6217 NOME=THAILA GUIMARAES DE OLIVEIRA
[CREATE] CHAPA=2688 NOME=VERA LUCIA MARTINS DO ROSARIO
DONE PIPEFY_0011 -> 307304999 stats={'created': 50, 'updated': 0, 'concluded': 0, 'reactivated': 0, 'ok': 0} dry_run=False

===== PIPEFY_0007 (sync.sync_0007_diretor) =====
[CREATE] MAT=6402 NOME=ANDRE SOLIANI COSTA
[CREATE] MAT=1819 NOME=ATSON CARLOS DE SOUZA FERNANDES
[CREATE] MAT=4566 NOME=CAROLINA PEDROZA DE CARVALHO GARCIA
[CREATE] MAT=4933 NOME=CLAUDIO PORTO SANTOS
[CREATE] MAT=4689 NOME=DIEGO SILVA MENEZES
[CREATE] MAT=4548 NOME=EMANOEL OLIMPIO ALVES DE SOUZA
[CREATE] MAT=1441 NOME=FRANCISCO PAULO DA SILVA RAMALHO
[CREATE] MAT=2105 NOME=LUIZA DE OLIVEIRA KRUSCHEWSKY RIBEIRO
[CREATE] MAT=5698 NOME=MARGARIDA CARVALHO SOLIANI
[CREATE] MAT=4102 NOME=MARIA DE LOURDES DE FREITAS GOMES
[CREATE] MAT=0488 NOME=MARIA LUISA CARVALHO SOLIANI
[CREATE] MAT=06481 NOME=MARIANA SOLIANI COSTA
[CREATE] MAT=5591 NOME=POLLYANNA CARVALHO LEAL FIGUEIREDO
[CREATE] MAT=3790 NOME=SARA VIEIRA LIMA SARACENO
DONE PIPEFY_0007 -> 307346037 stats={'created': 14, 'updated': 0, 'concluded': 0, 'reactivated': 0, 'ok': 0} dry_run=False

===== PIPEFY_0008 (sync.sync_0008_titular_odonto) =====
[CREATE] CHAPA=08244 NOME=SARA NUNES DE OLIVEIRA ARAUJO
[CREATE] CHAPA=07580 NOME=ELANE ELY COSTA SILVA
[CREATE] CHAPA=6215 NOME=MARTA BALTAZAR DOS SANTOS CERQUEIRA
[CREATE] CHAPA=07657 NOME=ANA CAROLINA COSTA REIS
[CREATE] CHAPA=07714 NOME=KENNEDY ARAUJO DE JESUS
[UPDATE] CHAPA=08240 id=1451057751 diff=['email', 'cep']
[CREATE] CHAPA=06705 NOME=LIVIA ARAUJO DOS SANTOS
[CREATE] CHAPA=06580 NOME=WENDSON LENNON AMORIM DE OLIVEIRA
[CREATE] CHAPA=4856 NOME=DANILO RAMOS DOS SANTOS ANJOS
[CREATE] CHAPA=07516 NOME=IGOR BRUNO DE JESUS DOS SANTOS
[CREATE] CHAPA=07624 NOME=JOCENILDA DE CARVALHO LIMA
[CREATE] CHAPA=08247 NOME=MARCUS VINICIUS SANTOS MOREIRA
[CREATE] CHAPA=5814 NOME=DAVID NEPONUCENO SANTOS
[CREATE] CHAPA=06741 NOME=SILVIA VIEIRA DO SACRAMENTO CUNHA
[CREATE] CHAPA=06536 NOME=MARCIA SILVA DE OLIVEIRA CARVALHO
[CREATE] CHAPA=07836 NOME=GEISA DOS SANTOS SANTANA
[UPDATE] CHAPA=08241 id=1451066455 diff=['email', 'cep']
[CREATE] CHAPA=08242 NOME=LUIZA DORR DARZE
[UPDATE] CHAPA=08239 id=1451062899 diff=['email', 'cep']
[CREATE] CHAPA=07303 NOME=FLAVIA DA PAIXAO ALVES
[CREATE] CHAPA=2806 NOME=JUCINARA INACIO MENEZES
[UPDATE] CHAPA=07963 id=1451063287 diff=['secao', 'cnpj', 'email']
[CREATE] CHAPA=07327 NOME=CARLOS MAGNO ARAUJO DA SILVA
[CREATE] CHAPA=06564 NOME=EVELIN CUNHA DA SILVA LISBOA
[UPDATE] CHAPA=5843 id=1451068602 diff=['secao', 'cnpj']
[CREATE] CHAPA=4652 NOME=MARIA ADELAIDE DOS SANTOS SOUZA
[CREATE] CHAPA=07386 NOME=ISRAEL DE JESUS DOS SANTOS
[CREATE] CHAPA=08246 NOME=MARIA SAMANTHA SANTANA DE CARVALHO
[CREATE] CHAPA=06574 NOME=DANILO DE JESUS FRANCISCO
[CREATE] CHAPA=07797 NOME=FABRICIO DA SILVA SIQUEIRA SANTOS
[CREATE] CHAPA=06589 NOME=ALEX ALVES REGALO
[CREATE] CHAPA=06949 NOME=LEONARDO DIAS ALVES
[CREATE] CHAPA=07065 NOME=DEIRLAN SANTOS DA SILVA
[CREATE] CHAPA=06436 NOME=MARIANA BASTOS SANTOS
[CREATE] CHAPA=08245 NOME=TARCISIO AUGUSTO RAMOS VIEIRA DA SILVA
[CREATE] CHAPA=07079 NOME=ANDREISA DE AQUINO LIMA
[CREATE] CHAPA=07808 NOME=ABEL DE JESUS BARBOSA
[CREATE] CHAPA=08243 NOME=HILA ANUNCIACAO DOS SANTOS COSTA
[CREATE] CHAPA=07318 NOME=VINICIUS TEOFILO DA SILVA SANTOS
[CREATE] CHAPA=5875 NOME=ELISABETE DE ARAUJO FIGUEIREDO
[CREATE] CHAPA=07629 NOME=ADRIAN DE CASTRO ARAUJO
[CREATE] CHAPA=4102 NOME=MARIA DE LOURDES DE FREITAS GOMES
[CREATE] CHAPA=07200 NOME=CARLA CARVALHAL FRANCA ALBAN
[CREATE] CHAPA=07109 NOME=ANA PAULA PINHEIRO DE OLIVEIRA
[CREATE] CHAPA=3089 NOME=CAROLINE GASPAR GUERRIERI
[CREATE] CHAPA=07130 NOME=LUCIANO DE JESUS DA SILVA
[CREATE] CHAPA=5428 NOME=RAIMUNDA MARIA PANFILO DOS SANTOS
[CREATE] CHAPA=07182 NOME=EDNALVA SANTOS DA SILVA
[CREATE] CHAPA=07510 NOME=GEOVANA SANTOS SILVA
[CREATE] CHAPA=07728 NOME=ISADORA RIBEIRO SANTANA
[CONCLUDE] CHAPA=06615 id=1451061746 title=CARMEN ROSA SOUZA RODRIGUES
[CONCLUDE] CHAPA=06475 id=1451063241 title=DENISE DIB MARTINS GARRIDO
[CONCLUDE] CHAPA=08165 id=1451064360 title=LUIS ARTHUR SANTOS CAMPOS
[CONCLUDE] CHAPA=07313 id=1451069422 title=SANDRA SANTANA BELTOSO
DONE PIPEFY_0008 -> 307305002 stats={'created': 45, 'updated': 5, 'concluded': 4, 'reactivated': 0, 'ok': 1508} dry_run=False

===== PIPEFY_0009 (sync.sync_0009_titular_saude) =====
[CREATE] CHAPA=0358 NOME=FLAVIO ROBERT SANT ANA
[CREATE] CHAPA=1439 NOME=ROSENY SANTOS FERREIRA
[CREATE] CHAPA=1465 NOME=ELEN BEATRIZ CARNEIRO PINTO
[CREATE] CHAPA=1698 NOME=BERNARDO GALVAO CASTRO FILHO
[CREATE] CHAPA=1727 NOME=MONICA RAMOS DALTRO
[CREATE] CHAPA=1782 NOME=MARTA SILVA MENEZES
[CREATE] CHAPA=1937 NOME=EDVALDO FAHEL
[CREATE] CHAPA=1966 NOME=MARCOS ANTONIO ALMEIDA MATOS
[CREATE] CHAPA=1972 NOME=ANA MARICE TEIXEIRA LADEIA
[CREATE] CHAPA=2018 NOME=CRISTIANE MARIA CARVALHO COSTA DIAS
[CREATE] CHAPA=3152 NOME=JOSE HUMBERTO OLIVEIRA CAMPOS
[CREATE] CHAPA=4081 NOME=JORGE CLARENCIO SOUZA ANDRADE
[CREATE] CHAPA=1344 NOME=ANTONIO DE SOUZA ANDRADE FILHO
[CREATE] CHAPA=0516 NOME=GILSON SOARES FEITOSA
[CREATE] CHAPA=1890 NOME=JOSE MARCOS PONDE FRAGA LIMA
[CREATE] CHAPA=0359 NOME=JORGE EDUARDO DE SCHOUCAIR JAMBEIRO
[CREATE] CHAPA=0526 NOME=JAMOCYR MOURA MARINHO
[CREATE] CHAPA=0579 NOME=CARLOS GERALDO GUERREIRO DE MOURA
[CREATE] CHAPA=06446 NOME=TARCISIO VILA VERDE SANTANA DE ALMEIDA
[CREATE] CHAPA=06449 NOME=ADRIANA OLIVEIRA CARVALHO
[CREATE] CHAPA=06450 NOME=LORENA MARCELINO CARDOSO
[CREATE] CHAPA=06479 NOME=CRISTAL FERNANDEZ DE CARVALHO
[CREATE] CHAPA=06538 NOME=LUCIO COUTO DE OLIVEIRA JUNIOR
[CREATE] CHAPA=06551 NOME=ANDRE LUIZ LISBOA CORDEIRO
[CREATE] CHAPA=06554 NOME=JOSE GERALDO BOMFIM LIMA
[CREATE] CHAPA=06557 NOME=CARLOS ANDRE GOMES SILVA MAMEDE
[CREATE] CHAPA=06614 NOME=SUSYANE ALMEIDA DE SOUZA ANTUNES
[CREATE] CHAPA=06632 NOME=CINTHIA VILA NOVA SANTANA
[CREATE] CHAPA=06641 NOME=RAQUEL HERMES ROSA OLIVEIRA
[CREATE] CHAPA=06685 NOME=PABLO PINILLOS MARAMBAIA
[CREATE] CHAPA=06690 NOME=JULIO CESAR VIEIRA BRAGA
[CREATE] CHAPA=06691 NOME=ANDRE RODRIGUES DURAES
[CREATE] CHAPA=06702 NOME=RENATO MARCOS ENDRIZZI SABBATINI
[CREATE] CHAPA=06757 NOME=LILIA DORIA PINTO COUTO
[CREATE] CHAPA=06761 NOME=EMANUEL MISSIAS SILVA PALMA
[CREATE] CHAPA=06787 NOME=LUIZ CARLOS SANTANA PASSOS
[CREATE] CHAPA=0681 NOME=RAUL COELHO BARRETO FILHO
[CREATE] CHAPA=06823 NOME=ANA THEREZA CAVALCANTI ROCHA
[CREATE] CHAPA=06852 NOME=LUIZ PAULO CARVALHO PIRES DE OLIVEIRA
[CREATE] CHAPA=06932 NOME=SHIRLEY ANDRADE CRUZ
[CREATE] CHAPA=06957 NOME=ANDRE LUIZ ALELUIA DA SILVA
[CREATE] CHAPA=07008 NOME=WASHINGTON LUIZ ABREU DE JESUS
[CREATE] CHAPA=07015 NOME=ANA FLAVIA DE SOUZA MOURA
[CREATE] CHAPA=07017 NOME=CASSIO DOS SANTOS LIMA
[CREATE] CHAPA=07024 NOME=RAIMUNDO COUTINHO JUNIOR
[CREATE] CHAPA=07036 NOME=JULIANA LIMA SPINOLA
[CREATE] CHAPA=07039 NOME=RENAN CARVALHO CASTELLO BRANCO
[CREATE] CHAPA=07054 NOME=ERICKA SOUZA BROWNE
[CREATE] CHAPA=07058 NOME=MAISA MONICA FLORES MARTINS
[CREATE] CHAPA=07062 NOME=JOSE ANDRADE MOURA NETO
[CREATE] CHAPA=07071 NOME=ILLA OLIVEIRA BITENCOURT FARIAS
[CREATE] CHAPA=07149 NOME=JULIANA BORGES DE LIMA DANTAS
[CREATE] CHAPA=07151 NOME=ZILDA MARIA BRAID ARLEO D EL REY
[CREATE] CHAPA=07152 NOME=ZILMA VERCOSA DE SA RIBEIRO
[CREATE] CHAPA=07157 NOME=GIOVANA BERGHEME FRANCISCON DE LEMOS
[CREATE] CHAPA=07159 NOME=KAMILE SANTOS LEVEK
[CREATE] CHAPA=07169 NOME=FILIPE FERREIRA DE ALMEIDA REGO
[CREATE] CHAPA=07170 NOME=MARIANNA DEWAY ANDRADE DRACOULAKIS
[CREATE] CHAPA=07207 NOME=THAIS FEITOSA LEITAO DE OLIVEIRA GONZALEZ
[CREATE] CHAPA=07227 NOME=MARIA BETANIA PEREIRA TORALLES
[CREATE] CHAPA=07230 NOME=PAULO LISBOA BITTENCOURT
[CREATE] CHAPA=07231 NOME=JULIANA REBOUCAS DE OLIVEIRA
[CREATE] CHAPA=07238 NOME=MAIRA CARVALHO MACEDO
[CREATE] CHAPA=07250 NOME=IZABEL OLIVA MARCILIO DE SOUZA
[CREATE] CHAPA=07252 NOME=GLICIA DE ABREU TOURINHO
[CREATE] CHAPA=07253 NOME=LUCAS DE OLIVEIRA VIEIRA
[CREATE] CHAPA=07277 NOME=VERENA SOUZA SOUTO
[CREATE] CHAPA=07283 NOME=FERNANDA ALBUQUERQUE DA SILVA
[CREATE] CHAPA=07342 NOME=LIANA MACHADO DE CODES FOULON
[CREATE] CHAPA=07346 NOME=FRANCIANE ANDRADE DE MORAIS
[CREATE] CHAPA=07350 NOME=FERNANDA LYRIO MENDONCA
[CREATE] CHAPA=07353 NOME=MARCOS VINICIUS COOK FERNANDES
[CREATE] CHAPA=07354 NOME=TILA FORTUNA COSTA FREIRE
[CREATE] CHAPA=07362 NOME=MATEUS DOS SANTOS VIANA
[CREATE] CHAPA=07364 NOME=JOAO PAULO DOS SANTOS SIMPLICIO
[CREATE] CHAPA=07376 NOME=MARIA ELISA ALVES ROSA
[CREATE] CHAPA=07460 NOME=JEFFERSON PETTO
[CREATE] CHAPA=07486 NOME=LUANA COSTA BASTOS
[CREATE] CHAPA=07490 NOME=ADRIANA VIRGINIA BARROS FAICAL
[CREATE] CHAPA=07492 NOME=CAMILA DA SILVA CENDON DURAN
[CREATE] CHAPA=07530 NOME=CLOUD KENNEDY COUTO DE SA
[CREATE] CHAPA=07594 NOME=MARIANA FERREIRA LEITE
[CREATE] CHAPA=07599 NOME=VIVIANE PALMEIRA DA SILVA
[CREATE] CHAPA=07617 NOME=CARLE PORCINO
[CREATE] CHAPA=07659 NOME=ALINE MACEDO CARVALHO FREITAS
[CREATE] CHAPA=07665 NOME=ISIS NUNES VEIGA
[CREATE] CHAPA=07676 NOME=MARCELO BARRETO LOPES
[CREATE] CHAPA=07691 NOME=DANIELA BATISTA DE ALMEIDA FREITAS
[CREATE] CHAPA=07692 NOME=BETANIA MARA DE FREITAS NOGUEIRA
[CREATE] CHAPA=0770 NOME=ROZANA DOS SANTOS TEIXEIRA
[CREATE] CHAPA=07703 NOME=SAMUEL BARBOSA CAMARGO
[CREATE] CHAPA=07711 NOME=ROSANGELA DA LUZ MATOS
[CREATE] CHAPA=07723 NOME=VINICIUS RABELO TORREGROSSA
[CREATE] CHAPA=07777 NOME=REGIANE DEGAN FAVARO
[CREATE] CHAPA=07787 NOME=NIVALDO MENEZES FILGUEIRAS FILHO
[CREATE] CHAPA=07789 NOME=JULIA DOS SANTOS VIANNA NERI
[CREATE] CHAPA=07790 NOME=THAIS SILVA PELETEIRO
[CREATE] CHAPA=07879 NOME=LIVIA ANDRADE VITORIA
[CREATE] CHAPA=07884 NOME=VIRGINIA DIAS UZEDA E SILVA
[CREATE] CHAPA=07893 NOME=JULIANA BARBOSA GOULARDINS
[CREATE] CHAPA=07921 NOME=MARTA GABRIELE SANTOS SALES
[CREATE] CHAPA=07969 NOME=BRUNO GIL DE CARVALHO LIMA
[CREATE] CHAPA=07970 NOME=ROSANA MATOS DE OLIVEIRA GOYANNA
[CREATE] CHAPA=07988 NOME=JESSICA DIAS PETRILLI
[CREATE] CHAPA=08002 NOME=ANNI DE NOVAIS CARNEIRO
[CREATE] CHAPA=08009 NOME=FELIPE CARVALHO LEAO
[CREATE] CHAPA=08022 NOME=SUELI SANTOS CONCEICAO
[CREATE] CHAPA=08081 NOME=MARCOS OLIVEIRA CARVALHO ALVES
[CREATE] CHAPA=08093 NOME=CAMILA COUTO E CRUZ
[CREATE] CHAPA=08100 NOME=CLARISSA DE CASTRO CARVALHO PEDREIRA
[CREATE] CHAPA=08101 NOME=RODRIGO CUNHA OLIVEIRA
[CREATE] CHAPA=08102 NOME=LEILA VALVERDE RAMOS
[CREATE] CHAPA=08127 NOME=RODRIGO CARVALHO DE MENEZES
[CREATE] CHAPA=08137 NOME=LUCIANA SOBRAL DA SILVEIRA SILVA
[CREATE] CHAPA=08224 NOME=PEDRO SANTOS MUCCILLO REIS
[CREATE] CHAPA=08227 NOME=JOSIANE MOREIRA GERMANO
[CREATE] CHAPA=08244 NOME=SARA NUNES DE OLIVEIRA ARAUJO
[CREATE] CHAPA=1076 NOME=MITTERMAYER BARRETO SANTIAGO
[CREATE] CHAPA=1230 NOME=MARIO DE SEIXAS ROCHA
[CREATE] CHAPA=1330 NOME=MARIA DE LOURDES LIMA DE SOUZA E SILVA
[CREATE] CHAPA=1499 NOME=EDSON O DWYER JUNIOR
[CREATE] CHAPA=1501 NOME=REGINA HELENA RATHSAM PINHEIRO
[CREATE] CHAPA=1722 NOME=LUIZ ALBERTO CRAVO PINTO DE QUEIROZ
[CREATE] CHAPA=1780 NOME=SELENA MARCIA DUBOIS MENDES
[CREATE] CHAPA=1781 NOME=MARIA CONCEICAO GALVAO SAMPAIO
[CREATE] CHAPA=1871 NOME=PATRICIA ALCANTARA DOVAL DE CARVALHO VIANA
[CREATE] CHAPA=1875 NOME=ROGERIO GRIMALDI SAMPAIO
[CREATE] CHAPA=1876 NOME=MARIA FERNANDA RIOS GRASSI
[CREATE] CHAPA=1894 NOME=ALCINA MARTA DE SOUZA ANDRADE
[CREATE] CHAPA=1896 NOME=JUAREZ PEREIRA DIAS
[CREATE] CHAPA=1922 NOME=MOEMA PIRES GUIMARAES
[CREATE] CHAPA=1932 NOME=CEUCI DE LIMA XAVIER NUNES
[CREATE] CHAPA=1934 NOME=DAYSE CURY DE ALMEIDA OLIVEIRA
[CREATE] CHAPA=1953 NOME=RITA ELIZABETH MOREIRA MASCARENHAS
[CREATE] CHAPA=1954 NOME=TATIANA SENNA GALVAO NONATO ALVES
[CREATE] CHAPA=1960 NOME=JOSECY MARIA DE SOUZA PEIXOTO
[CREATE] CHAPA=1964 NOME=MAYANA DE AZEVEDO BIAO DE SOUZA
[CREATE] CHAPA=1977 NOME=MARCIA SACRAMENTO CUNHA MACHADO
[CREATE] CHAPA=1981 NOME=MARISTELA RODRIGUES SESTELO
[CREATE] CHAPA=1995 NOME=ADRIANA CAMPOS DA SILVA
[CREATE] CHAPA=1999 NOME=MARIA DE LOURDES SANTANA BASTOS
[CREATE] CHAPA=2054 NOME=NANCI FERREIRA DA SILVA
[CREATE] CHAPA=2055 NOME=ALMERIO DE SOUZA MACHADO JUNIOR
[CREATE] CHAPA=2098 NOME=MARIA ANTONIETA NASCIMENTO ARAUJO
[CREATE] CHAPA=2101 NOME=MILENA PEREIRA PONDE
[CREATE] CHAPA=2151 NOME=CERES MENDONCA FONTES
[CREATE] CHAPA=2684 NOME=CLAUDIA COSTA PINTO FURTADO MACHADO
[CREATE] CHAPA=2759 NOME=MANUELA GARCIA LIMA
[CREATE] CHAPA=2767 NOME=CONSTANCA MARGARIDA SAMPAIO CRUZ
[CREATE] CHAPA=2772 NOME=CARLA FIGUEIREDO BRANDAO MACIEL
[CREATE] CHAPA=2779 NOME=ROBERTA SANTOS TUNES
[CREATE] CHAPA=2780 NOME=SANDRO BITTENCOURT SOUSA
[CREATE] CHAPA=2785 NOME=LUCIOLA MARIA LOPES CRISOSTOMO
[CREATE] CHAPA=2838 NOME=DILTON RODRIGUES MENDONCA
[CREATE] CHAPA=2917 NOME=OMAR ISMAIL SANTOS PEREIRA DARZE
[CREATE] CHAPA=2920 NOME=MARIA EMILIA SANTOS PEREIRA RAMOS
[CREATE] CHAPA=2937 NOME=MONICA DOURADO SILVA BARBOSA
[CREATE] CHAPA=3058 NOME=LIVIA FONSECA DA SILVA CARVALHO DE AZEVEDO SANTANA
[CREATE] CHAPA=3068 NOME=LEDA LESSA ANDRADE FILHA
[CREATE] CHAPA=3082 NOME=IEDA MARIA BARBOSA ALELUIA
[CREATE] CHAPA=3093 NOME=CINTIA PINHEIRO SILVEIRA ARAUJO
[CREATE] CHAPA=3096 NOME=MICKELSON RIO LIMA DE OLIVEIRA COSTA
[CREATE] CHAPA=3139 NOME=DAVID DA COSTA NUNES JUNIOR
[CREATE] CHAPA=3215 NOME=MANUELA OLIVEIRA DE CERQUEIRA MAGALHAES
[CREATE] CHAPA=3236 NOME=GUILHERME ANDRADE MEYER
[CREATE] CHAPA=3240 NOME=TERCIO CARNEIRO RAMOS
[CREATE] CHAPA=3243 NOME=MORBECK DOS SANTOS LEAL JUNIOR
[CREATE] CHAPA=3272 NOME=ISABELLA REGINA GOMES DE QUEIROZ
[CREATE] CHAPA=3278 NOME=PATRICIA VIRGINIA SILVA LORDELO GARBOGGINI
[CREATE] CHAPA=3279 NOME=ANA VERENA ALMEIDA MENDES
[CREATE] CHAPA=3283 NOME=SUZANA RAMOS FERRER
[CREATE] CHAPA=3287 NOME=MARIA CONSTANCA VELLOSO CAJADO
[CREATE] CHAPA=3298 NOME=MAURICIO ANDRADE BARRETO
[CREATE] CHAPA=3300 NOME=RICARDO ARAUJO DA SILVA
[CREATE] CHAPA=3312 NOME=MARILDA CASTELAR
[CREATE] CHAPA=3319 NOME=ARTUR GOMES DIAS LIMA
[CREATE] CHAPA=3374 NOME=MARCIO GIAMPA TICIANELI
[CREATE] CHAPA=3380 NOME=LUIS SERGIO SANTOS NUNES
[CREATE] CHAPA=3401 NOME=MARIA CONSUELO D ALMEIDA NUNEZ FILHA
[CREATE] CHAPA=3454 NOME=NEY CRISTIAN AMARAL BOA SORTE
[CREATE] CHAPA=3459 NOME=KATIA NUNES SA
[CREATE] CHAPA=3582 NOME=CLAUDIA DE CARVALHO SANTANA
[CREATE] CHAPA=3584 NOME=CAMILA INDIANI DE OLIVEIRA
[CREATE] CHAPA=3590 NOME=UBTON JOSE ARGOLO NASCIMENTO
[CREATE] CHAPA=3700 NOME=SIDNEY CARLOS DE JESUS SANTANA
[CREATE] CHAPA=3716 NOME=UBIRAJARA DE OLIVEIRA BARROSO JUNIOR
[CREATE] CHAPA=3754 NOME=PAULA MATOS OLIVEIRA
[CREATE] CHAPA=3880 NOME=MONICA ALEXANDRA SAMPAIO TORRES NASCIMENTO
[CREATE] CHAPA=3881 NOME=RENATA ROSEGHINI
[CREATE] CHAPA=3988 NOME=EMILENA MARIA XISTO LIMA VICTAL
[CREATE] CHAPA=3991 NOME=MARIA LUCIA RIBEIRO ROCHA
[CREATE] CHAPA=4004 NOME=MARIA LUIZA VEIGA DA FONSECA
[CREATE] CHAPA=4009 NOME=ELIANA TOURINHO EDINGTON
[CREATE] CHAPA=4112 NOME=JUNAURA ROCHA BARRETTO
[CREATE] CHAPA=4346 NOME=MARIA THAIS DE ANDRADE CALASANS
[CREATE] CHAPA=4373 NOME=ANA APARECIDA NASCIMENTO MARTINELLI BRAGA
[CREATE] CHAPA=4374 NOME=ELOINA NUNES DE OLIVEIRA
[CREATE] CHAPA=4375 NOME=NELIA CLAUDIA NERI ARAUJO
[CREATE] CHAPA=4376 NOME=LUIS CLAUDIO LEMOS CORREIA
[CREATE] CHAPA=4415 NOME=CRISTIANE MAGALI FREITAS DOS SANTOS
[CREATE] CHAPA=4430 NOME=DANIELA ROSA MAGALHAES GOTARDO
[CREATE] CHAPA=4488 NOME=CATIA SUELY PALMEIRA
[CREATE] CHAPA=4492 NOME=MARILAINE MATOS DE MENEZES FERREIRA
[CREATE] CHAPA=4493 NOME=SIMONE CARDOSO PASSOS
[CREATE] CHAPA=4495 NOME=RONE PETERSON CERQUEIRA OLIVEIRA
[CREATE] CHAPA=4561 NOME=SARA DOS SANTOS ROCHA
[CREATE] CHAPA=4567 NOME=GILSON SOARES FEITOSA FILHO
[CREATE] CHAPA=4580 NOME=ANDREA ARAUJO DE NOBREGA CAVALCANTI
[CREATE] CHAPA=4584 NOME=LUCIANA OLIVEIRA RANGEL PINHEIRO
[CREATE] CHAPA=4681 NOME=CRISTIANA DA COSTA LIBORIO LAGO
[CREATE] CHAPA=4682 NOME=CINTIA MESQUITA CORREIA
[CREATE] CHAPA=4684 NOME=ANA SHIRLEY MARANHAO VIEIRA
[CREATE] CHAPA=4686 NOME=MARY GOMES SILVA
[CREATE] CHAPA=4699 NOME=GLICIA GLEIDE GONCALVES GAMA
[CREATE] CHAPA=4766 NOME=AQUILES ASSUNCAO CAMELIER
[CREATE] CHAPA=4789 NOME=CARLOS ALBERTO FERREIRA DANON
[CREATE] CHAPA=4793 NOME=ELISALVA TEIXEIRA GUIMARAES
[CREATE] CHAPA=4799 NOME=ELIANE MARIA SIMONI
[CREATE] CHAPA=4838 NOME=MARCUS VINICIUS SANTOS ANDRADE
[CREATE] CHAPA=4899 NOME=ANA CLAUDIA COSTA CARNEIRO
[CREATE] CHAPA=4901 NOME=NADIA REGINA CALDAS RIBEIRO
[CREATE] CHAPA=4902 NOME=MONICA DA CUNHA OLIVEIRA
[CREATE] CHAPA=4935 NOME=VANESSA DA SILVA BRITO
[CREATE] CHAPA=5069 NOME=MARCELA CAMARA MACHADO COSTA
[CREATE] CHAPA=5074 NOME=CAROLINE BULCAO SOUZA
[CREATE] CHAPA=5149 NOME=LUCIO MACEDO BARBOSA
[CREATE] CHAPA=5195 NOME=BRUNO TEIXEIRA GOES
[CREATE] CHAPA=5203 NOME=TABATA CERQUEIRA NASCIMENTO NOBRE
[CREATE] CHAPA=5207 NOME=AICIL FRANCO
[CREATE] CHAPA=5230 NOME=AUGUSTO CESAR COSTA CARDOSO
[CREATE] CHAPA=5309 NOME=THESSIKA HIALLA ALMEIDA ARAUJO
[CREATE] CHAPA=5310 NOME=RINALDO ANTUNES BARROS
[CREATE] CHAPA=5311 NOME=ANDREA TENORIO DINIZ GONCALVES FERRERO
[CREATE] CHAPA=5324 NOME=KARINE DE SOUZA OLIVEIRA SANTANA
[CREATE] CHAPA=5328 NOME=MARA DIAS PIRES
[CREATE] CHAPA=5332 NOME=ANTONIO CARLOS CRUZ FREIRE
[CREATE] CHAPA=5354 NOME=GERFSON MOREIRA OLIVEIRA
[CREATE] CHAPA=5355 NOME=ADRIANO FREITAS DE ASSIS
[CREATE] CHAPA=5383 NOME=MILENA BASTOS BRITO
[CREATE] CHAPA=5388 NOME=MICHAELA EICKEMBERG
[CREATE] CHAPA=5391 NOME=CAROLINE ALVES FEITOSA
[CREATE] CHAPA=5397 NOME=MINNA FERRARI SCHLEU CARVALHO
[CREATE] CHAPA=5425 NOME=NORMA SUELY SOUTO SOUZA
[CREATE] CHAPA=5440 NOME=SUZANE BANDEIRA DE MAGALHAES
[CREATE] CHAPA=5464 NOME=JULIANA FELIPPI DE AZEVEDO BANDEIRA
[CREATE] CHAPA=5472 NOME=ADRIANA PEDROSA MOURA
[CREATE] CHAPA=5500 NOME=MARILIA NIEDERMAYER FAGUNDES
[CREATE] CHAPA=5594 NOME=FABIO GIORGIO SANTOS AZEVEDO
[CREATE] CHAPA=5608 NOME=HERMILA TAVARES VILAR GUEDES
[CREATE] CHAPA=5613 NOME=ANA MARIA CRUZ SANTOS
[CREATE] CHAPA=5640 NOME=MARCUS VINICIUS DE BRITO SANTANA
[CREATE] CHAPA=5642 NOME=JULIANA FRAGA VASCONCELOS
[CREATE] CHAPA=5675 NOME=TANIRA MATUTINO BASTOS
[CREATE] CHAPA=5733 NOME=CAROLINA VILLA NOVA AGUIAR
[CREATE] CHAPA=5736 NOME=RACHEL TRINCHAO SCHNEIBERG KALID RIBEIRO
[CREATE] CHAPA=5739 NOME=ANDRE CARVALHO CARIBE DE ARAUJO PINHO
[CREATE] CHAPA=5753 NOME=ANA PAULA DE SOUZA LOBO MACHADO
[CREATE] CHAPA=5756 NOME=MABEL BARBOSA ESTEVES
[CREATE] CHAPA=5763 NOME=JULIANA SOUZA ROCHA QUEIROZ
[CREATE] CHAPA=5788 NOME=DIEGO RIBEIRO RABELO
[CREATE] CHAPA=5852 NOME=GUSTAVO MARCELINO SIQUARA
[CREATE] CHAPA=5967 NOME=JOSIANE MOTA LOPES
[CREATE] CHAPA=5968 NOME=MAYRA CASTRO DE MATOS SOUSA
[CREATE] CHAPA=5980 NOME=MARCELO FALCAO DE SANTANA
[CREATE] CHAPA=5985 NOME=VANIA MARIA BITENCOURT POWELL
[CREATE] CHAPA=6017 NOME=CARLOS ANTONIO GUSMAO GUERREIRO DE MOURA
[CREATE] CHAPA=6026 NOME=JOAO DE DEUS BARRETO SEGUNDO
[CREATE] CHAPA=6058 NOME=CAROLINA FREITAS LINS
[CREATE] CHAPA=6082 NOME=IZA CRISTINA SALLES DE CASTRO
[CREATE] CHAPA=6101 NOME=CAROLINA DE GODOY ALMEIDA
[CREATE] CHAPA=6104 NOME=THAIANE RODRIGUES AGUIAR BARRETTO
[CREATE] CHAPA=6150 NOME=JESSICA PLACIDO SILVA
[CREATE] CHAPA=6151 NOME=LUCIANE AMORIM SANTOS
[CREATE] CHAPA=6156 NOME=MILENA SILVA LISBOA
[CREATE] CHAPA=6158 NOME=EULALIA SILVA DOS SANTOS PINHEIRO BARROS
[CREATE] CHAPA=6167 NOME=RAFAEL MODESTO FERNANDES
[CREATE] CHAPA=6172 NOME=ANA CELIA DINIZ CABRAL BARBOSA ROMEO
[CREATE] CHAPA=6173 NOME=ANDREA QUEIROZ VILAS BOAS
[CREATE] CHAPA=6198 NOME=DIEGO SANTANA CHAVES GERALDO MIGUEL
[CREATE] CHAPA=6227 NOME=RICARDO AVILA CHALHUB
[CREATE] CHAPA=6242 NOME=TASSIA TELES SANTANA DE MACEDO
[CREATE] CHAPA=6247 NOME=GABRIEL ANDRADE NONATO QUEIROZ
[CREATE] CHAPA=6318 NOME=EDNA BITTELBRUNN
[CREATE] CHAPA=6355 NOME=PATRICIA APARECIDA DA SILVA VALADAO
[CREATE] CHAPA=6366 NOME=ALESSANDRA CARVALHO CALDAS
[CREATE] CHAPA=6368 NOME=FEIZI MASROUR MILANI
[CREATE] CHAPA=6370 NOME=JULIANA CALDAS RIBEIRO BITTENCOURT
[CREATE] CHAPA=6379 NOME=ALEXANDRA NOEMI SILVA
[CREATE] CHAPA=6380 NOME=BRUNO DE BEZERRIL ANDRADE
[CREATE] CHAPA=6384 NOME=DANIELA COSTA MORAES MATOS
[CREATE] CHAPA=6385 NOME=ANA LUISA SOUZA PEDREIRA
[CREATE] CHAPA=07874 NOME=RAFAELA BOAVENTURA MARTINS GADELHA
[CREATE] CHAPA=6387 NOME=HANNAH FITERMAN
[CREATE] CHAPA=06771 NOME=EDUARDO SAHADE DARZE
[CREATE] CHAPA=07191 NOME=JOAO ANDRE SANTOS DE OLIVEIRA
[CREATE] CHAPA=1968 NOME=PAULO JOSE BASTOS BARBOSA
[CREATE] CHAPA=4276 NOME=LEDA LUCIA MORAES FERREIRA
[CREATE] CHAPA=0416 NOME=GUILHERME CASTRO LIMA DE CARVALHO
[CREATE] CHAPA=0503 NOME=ELEONORA LIMA PEIXINHO GUIMARAES
[CREATE] CHAPA=0960 NOME=TANIA MORAIS REGIS
[CREATE] CHAPA=1888 NOME=ELISE SCHAER CARVALHO DOS SANTOS
[CREATE] CHAPA=1872 NOME=GERALDO JOSE ARGOLO FERRARO
[CREATE] CHAPA=3311 NOME=MARIA CECILIA FONSECA AZOUBEL
[CREATE] CHAPA=4614 NOME=SYLVIA MARIA BARRETO DA SILVA
[CREATE] CHAPA=4954 NOME=LUCIANA RIBEIRO BILITARIO
[CREATE] CHAPA=5103 NOME=ROSICLEIDE ARAUJO FREITAS MACHADO
[CREATE] CHAPA=5335 NOME=HUMBERTO DE CASTRO LIMA FILHO
[CREATE] CHAPA=5865 NOME=CLARCSON PLACIDO CONCEICAO DOS SANTOS
[CREATE] CHAPA=6322 NOME=JOSE ROBERTO DOS SANTOS ANDRADE
[CREATE] CHAPA=07673 NOME=JAMILE DE OLIVEIRA LIMA
[CREATE] CHAPA=08144 NOME=GABRIELA DOS SANTOS BORGES
[CREATE] CHAPA=4855 NOME=LUANA CARNEIRO DE SOUZA
[CREATE] CHAPA=5118 NOME=TATIANE DO AMARAL OLIVEIRA
[CREATE] CHAPA=07859 NOME=WILLIAM SILVA GOMES RIBEIRO
[CREATE] CHAPA=08157 NOME=LUCIANA BARRETTO FONTES
[CREATE] CHAPA=6106 NOME=JOCASTA CONCEICAO DOS SANTOS FRANCO
[CREATE] CHAPA=07564 NOME=RENATA DE JESUS SANTOS SILVA
[CREATE] CHAPA=06439 NOME=MICHELINE DE ANDRADE PEREIRA BARBOSA
[CREATE] CHAPA=06440 NOME=THALES COSTA CARDOSO
[CREATE] CHAPA=06466 NOME=LIVIA DE MELLO RIBEIRO
[CREATE] CHAPA=06467 NOME=PAMELA SUELE CARNEIRO DE SOUSA
[CREATE] CHAPA=06542 NOME=ALESSANDRA ARAUJO FRANKLIN
[CREATE] CHAPA=06568 NOME=DANIELA SANTOS DE JESUS
[CREATE] CHAPA=06587 NOME=RITA DE CASSIA LEITE PINTO
[CREATE] CHAPA=06684 NOME=JORGE ALBERTO DE RESCALA
[CREATE] CHAPA=06716 NOME=ALVARO NONATO DE SOUZA
[CREATE] CHAPA=07035 NOME=MARIA CRISTINA DE VIANA BANDEIRA CARDOSO
[CREATE] CHAPA=07281 NOME=SAMMARA AZEVEDO GUEDES
[CREATE] CHAPA=07380 NOME=IGOR TORRES DE QUEIROZ
[CREATE] CHAPA=07382 NOME=MARION WIEDEMANN TROMBETTA
[CREATE] CHAPA=07385 NOME=FELICIA MARIANA MACHADO LIMA
[CREATE] CHAPA=07476 NOME=ENZO SEIXAS SESTELO
[CREATE] CHAPA=07495 NOME=MARCIA SILVA DA CONCEICAO MOREIRA
[CREATE] CHAPA=07497 NOME=MURIELE MASCARENHAS LIMA
[CREATE] CHAPA=07525 NOME=JULIANA SUSIN CASTRO
[CREATE] CHAPA=07532 NOME=GUSTAVO COSTA MARQUES DE LUCENA
[CREATE] CHAPA=07580 NOME=ELANE ELY COSTA SILVA
[CREATE] CHAPA=07591 NOME=FELIPE DOS SANTOS REIS
[CREATE] CHAPA=07614 NOME=ANDREI PINHEIRO DE CASTRO GOMES
[CREATE] CHAPA=07619 NOME=JANAINA BAGGIO
[CREATE] CHAPA=07635 NOME=DJARIO DA SILVA COSTA JUNIOR
[CREATE] CHAPA=07636 NOME=JULIA ALMEIDA DE MELO
[CREATE] CHAPA=07638 NOME=VANESSA FERRARI WALLAU
[CREATE] CHAPA=07666 NOME=MAURICIO OLIVEIRA GALRAO
[CREATE] CHAPA=07687 NOME=THIAGO LACERDA DE CARVALHO
[CREATE] CHAPA=07693 NOME=JOAO LUCAS FIUZA CARDOSO
[CREATE] CHAPA=07698 NOME=ADRIANA GONCALVES CARVALHO
[CREATE] CHAPA=07708 NOME=BRUNA GARRIDO CASAL
[CREATE] CHAPA=07709 NOME=JULIANA CAVADAS TEIXEIRA
[CREATE] CHAPA=07788 NOME=ANGELA CRISTINA MARQUES VALENTE
[CREATE] CHAPA=07801 NOME=AILTON EMANUEL FACTUM DOS ANJOS FILHO
[CREATE] CHAPA=07804 NOME=MARCELA CEDRO SIMOES
[CREATE] CHAPA=07823 NOME=VIVIANE FERREIRA DA SILVA
[CREATE] CHAPA=07830 NOME=MAURICIO ALVES BARRETO
[CREATE] CHAPA=07841 NOME=EMERSON COSTA PORTO
[CREATE] CHAPA=07897 NOME=CAROLINE OLIVEIRA NUNES
[CREATE] CHAPA=07928 NOME=IVINA FERNANDEZ BAQUEIRO PERRUCHO
[CREATE] CHAPA=07948 NOME=ROSILENE APARECIDA DE LIMA MARQUES
[CREATE] CHAPA=08000 NOME=VANESSA CARVALHO SANTOS
[CREATE] CHAPA=08001 NOME=CARLA BARRETO CARDOSO
[CREATE] CHAPA=08010 NOME=FERNANDA FERNANDES DE OLIVEIRA MARQUES DE SOUZA
[CREATE] CHAPA=08076 NOME=LAIS DOS SANTOS MARQUES
[CREATE] CHAPA=08084 NOME=LAIZ CARDOZO RODRIGUES
[CREATE] CHAPA=08085 NOME=ERICA FERREIRA CALADO MACHADO
[CREATE] CHAPA=08091 NOME=MAGALI PATERSON PEREIRA DE CAMPOS
[CREATE] CHAPA=08097 NOME=LUANA SABACK DE ALMEIDA
[CREATE] CHAPA=08105 NOME=LILIAN DE ARAUJO MELO MENDES
[CREATE] CHAPA=08107 NOME=SARAH COELHO DA SILVA HORA
[CREATE] CHAPA=08114 NOME=AMANDA CUNHA KACHIMARECK
[CREATE] CHAPA=08172 NOME=ANA CAROLINA CERQUEIRA MOTA BENEVIDES
[CREATE] CHAPA=08208 NOME=YASMIN BARBOSA DE MATTOS
[CREATE] CHAPA=08210 NOME=ELIENE DE SOUZA MALHEIRO
[CREATE] CHAPA=08225 NOME=GABRIEL DIAS SANTOS CERQUEIRA
[CREATE] CHAPA=08229 NOME=LIVIA ALVES VALVERDE
[CREATE] CHAPA=6200 NOME=VANDA REGINA DE OLIVEIRA BAQUEIRO
[CREATE] CHAPA=0612 NOME=GILBERTO FERREIRA DE ABREU JUNIOR
[CREATE] CHAPA=06444 NOME=ANDRE LUIS BARBOSA ROMEO
[CREATE] CHAPA=06445 NOME=IURI PEDREIRA FILARDI ALVES
[CREATE] CHAPA=06468 NOME=CELESTE SCOFIELD SOUZA DE SA OLIVEIRA
[CREATE] CHAPA=06497 NOME=ERALDO SALUSTIANO DE MOURA
[CREATE] CHAPA=06537 NOME=THAIS BARRETO MOTA
[CREATE] CHAPA=06540 NOME=YASMIN CUNHA DE OLIVEIRA
[CREATE] CHAPA=06541 NOME=FRANKLIN CAJAIBA DULTRA
[CREATE] CHAPA=06633 NOME=ADRIANO COSTA DE ALCANTARA
[CREATE] CHAPA=06635 NOME=DANIELE PINHEIRO DE FREITAS BULCAO
[CREATE] CHAPA=06637 NOME=DANIELLE DE JESUS SOARES
[CREATE] CHAPA=06638 NOME=IGOR CARLOS CUNHA MOTA
[CREATE] CHAPA=06643 NOME=MARILIA MENEZES GUSMAO
[CREATE] CHAPA=06650 NOME=CESAR GARCIA MACHADO
[CREATE] CHAPA=06681 NOME=ANDREIA BEATRIZ SILVA DOS SANTOS
[CREATE] CHAPA=06686 NOME=IVAN DE MATTOS PAIVA FILHO
[CREATE] CHAPA=06710 NOME=MAURO OLIVEIRA SANTOS
[CREATE] CHAPA=06752 NOME=TONNISON DE OLIVEIRA SILVA
[CREATE] CHAPA=06758 NOME=PATRICIA GABRIELE CHAVES DOS SANTOS
[CREATE] CHAPA=06791 NOME=THIAGO SANTOS DE SOUZA
[CREATE] CHAPA=06797 NOME=SILVIO ROBERTO MEDINA LOPES
[CREATE] CHAPA=06832 NOME=LARISSA TRISTAO GRAMACHO
[CREATE] CHAPA=06833 NOME=ARIANA DE OLIVEIRA REIS
[CREATE] CHAPA=06845 NOME=VERIDIANA SILVA MACHADO
[CREATE] CHAPA=06887 NOME=LORENA CURVELO DANTAS GONDIM
[CREATE] CHAPA=06888 NOME=JULIANA SILVA DE ALMEIDA MAGALHAES
[CREATE] CHAPA=06934 NOME=EPAMINONDAS DE SOUZA MENDES JUNIOR
[CREATE] CHAPA=06935 NOME=LARISSA SANTOS NOVAIS BRITO
[CREATE] CHAPA=06956 NOME=SAUL VELLOSO SCHNITMAN
[CREATE] CHAPA=06960 NOME=ADRIELE RIBEIRO FRANCA VIRIATO
[CREATE] CHAPA=06965 NOME=ERICA BAPTISTA VIEIRA DE MENESES
[CREATE] CHAPA=06976 NOME=FABIO FONSECA BARBOSA GOMES
[CREATE] CHAPA=07033 NOME=MARCELA ARAUJO DE MOURA
[CREATE] CHAPA=07041 NOME=JULIANA SOCORRO CASQUEIRO
[CREATE] CHAPA=07053 NOME=ELISABETE SOUZA FERREIRA
[CREATE] CHAPA=07070 NOME=ROBERTA FERRACUTI
[CREATE] CHAPA=07111 NOME=NUBIA LINO DE OLIVEIRA
[CREATE] CHAPA=07115 NOME=ILA SOBRAL MUNIZ
[CREATE] CHAPA=07144 NOME=RENATA BERENSTEIN DE AZEVEDO
[CREATE] CHAPA=07154 NOME=VANESSA FONSECA DE JESUS CARDOZO
[CREATE] CHAPA=07156 NOME=JULI FERREIRA DE OLIVEIRA
[CREATE] CHAPA=07165 NOME=NATALIA CANARIO GOMES
[CREATE] CHAPA=07192 NOME=JULIA MANDARO LAVINAS JONES
[CREATE] CHAPA=07235 NOME=PATRICIA MARTINS CARVALHO BRANDAO
[CREATE] CHAPA=07241 NOME=LAIS OLIVEIRA PITHON
[CREATE] CHAPA=07247 NOME=RAFAEL CARNEIRO DE LELIS
[CREATE] CHAPA=07259 NOME=IAGO SAMPAIO SANTOS
[CREATE] CHAPA=07269 NOME=RODRIGO GOMES GUIMARAES
[CREATE] CHAPA=07278 NOME=MAYARA CINTIA DE JESUS SILVA
[CREATE] CHAPA=07284 NOME=DANIELA DE QUEIROZ MOURA LANDIM
[CREATE] CHAPA=07289 NOME=AMANDA QUEIROZ LEMOS
[CREATE] CHAPA=07301 NOME=IGOR ALONSO ANDRADE DE OLIVEIRA
[CREATE] CHAPA=07309 NOME=DANIEL ABREU SANTOS
[CREATE] CHAPA=07311 NOME=MARILIA MAGALHAES MORAES BRAGHIROLI
[CREATE] CHAPA=07355 NOME=WALKYRIA LUCIA CAMAROTTI CAMARA ESCOREL RIBEIRO
[CREATE] CHAPA=07357 NOME=NAYLANA RUTE DA PAIXAO SANTOS
[CREATE] CHAPA=07361 NOME=JADDY KELLY MATHEUS ALVES
[CREATE] CHAPA=07365 NOME=DANIELL LIMA COSTA MUNIZ
[CREATE] CHAPA=07370 NOME=ROQUE RIBEIRO SANCHES FILHO
[CREATE] CHAPA=07371 NOME=LUCIANA BARREIRA DE ALENCAR ANDRADE
[CREATE] CHAPA=07379 NOME=SIMONE LETICIA SOUZA QUERINO
[CREATE] CHAPA=07383 NOME=MARGARETH QUEIROZ BRITO TRABUCO
[CREATE] CHAPA=07421 NOME=ROBERTA MENDONCA VIANA
[CREATE] CHAPA=07441 NOME=ROBERT BARRETO PEDROSA
[CREATE] CHAPA=07477 NOME=MATEUS SANTANA DO ROSARIO
[CREATE] CHAPA=07480 NOME=MARIA GABRIELA FERNANDES DEZAN
[CREATE] CHAPA=07483 NOME=EDNEIA CARLA PASSOS DOS SANTOS
[CREATE] CHAPA=07498 NOME=FELIPE OLIVEIRA COSTA
[CREATE] CHAPA=07522 NOME=AYLA ARAPIRACA GALVAO
[CREATE] CHAPA=07523 NOME=VANESSA PEREIRA DA ROCHA
[CREATE] CHAPA=07533 NOME=MARIANNA LUIZA ALVES SOARES SANTOS
[CREATE] CHAPA=07543 NOME=AMANDA MATOS DA GAMA
[CREATE] CHAPA=07578 NOME=FERNANDA ASSEMANY CRUZ
[CREATE] CHAPA=07600 NOME=LUCAS ANTONIO JESUS DE SOUZA
[CREATE] CHAPA=07622 NOME=RAFAEL SILVA DOS SANTOS
[CREATE] CHAPA=07654 NOME=LUIZA MONTEIRO BARROS
[CREATE] CHAPA=07655 NOME=JULIANA MARCELINO PIMENTEL
[CREATE] CHAPA=07656 NOME=JULIANA GUIMARAES SANTOS
[CREATE] CHAPA=07662 NOME=KARLA RAMOS MELO OLIVEIRA
[CREATE] CHAPA=07663 NOME=JULIA BALEEIRO CHAGAS
[CREATE] CHAPA=07667 NOME=RENATA DE MATOS BRAGA
[CREATE] CHAPA=07671 NOME=MARIA DO ROSARIO TOSCANO VON FLACH
[CREATE] CHAPA=07674 NOME=MEL MATOS DE CARVALHO ESPINHEIRA
[CREATE] CHAPA=07677 NOME=TAMARA DA CRUZ PIEDADE OLIVEIRA
[CREATE] CHAPA=07678 NOME=IVANA SANTOS PINTO
[CREATE] CHAPA=07684 NOME=LUIS ANDRE SOUZA FERREIRA
[CREATE] CHAPA=07702 NOME=PATRICIA DANTAS DE ARAUJO
[CREATE] CHAPA=07719 NOME=LUARA ANGELICA BORGES PEREIRA
[CREATE] CHAPA=07774 NOME=SUSANA CAROLINA BATISTA NEVES FLORES
[CREATE] CHAPA=07780 NOME=ANDERSON LEANDRO PERES CAMPOS
[CREATE] CHAPA=07781 NOME=ALICE BORGES CRUZ CARVALHO
[CREATE] CHAPA=07782 NOME=RICARDO LISBOA CAYRES
[CREATE] CHAPA=07783 NOME=PRISCILA COUY CORREA GIAMPA
[CREATE] CHAPA=07784 NOME=LUCAS HOLLANDA OLIVEIRA
[CREATE] CHAPA=07786 NOME=JULIA RIBEIRO PERET DE SANT ANA
[CREATE] CHAPA=07805 NOME=RAPHAEL SANTOS SANDE
[CREATE] CHAPA=07810 NOME=ANDRE LUIS BASTOS SOUSA
[CREATE] CHAPA=07813 NOME=POLIANA BRITO BARBOSA
[CREATE] CHAPA=07840 NOME=FERNANDA SALES MELO MENDES
[CREATE] CHAPA=07857 NOME=LAIS VILASBOAS AZEVEDO
[CREATE] CHAPA=07869 NOME=ALINE DO AIDO VARANDA AROUCA
[CREATE] CHAPA=07877 NOME=AIARA NASCIMENTO AMARAL BOMFIM
[CREATE] CHAPA=07882 NOME=PRISCILA GALVAO DORIA ANTUNES
[CREATE] CHAPA=07883 NOME=RAPHAELA LISBOA ANDRADE NERY
[CREATE] CHAPA=07891 NOME=EDER GERARDO DOS SANTOS LEITE
[CREATE] CHAPA=07898 NOME=MATEUS VIEIRA SOARES
[CREATE] CHAPA=07915 NOME=CYNTHIA RODAMILANS SERRA LORENZO
[CREATE] CHAPA=07922 NOME=MURILO FAGUNDES DE CASTRO
[CREATE] CHAPA=07929 NOME=JOSE FRANCISCO SANTOS NETO
[CREATE] CHAPA=07949 NOME=MARIA JULIA GABRIELA COLOSSI
[CREATE] CHAPA=07967 NOME=LORENA PAIM LINHARES
[CREATE] CHAPA=07985 NOME=VICTORIA CRUZ PARANA
[CREATE] CHAPA=07989 NOME=MILLEN CARVALHO CERQUEIRA DA SILVA
[CREATE] CHAPA=07993 NOME=ALICE OLIVEIRA SILVA DOS SANTOS
[CREATE] CHAPA=07995 NOME=LOURDES ALZIMAR MENDES DE CASTRO
[CREATE] CHAPA=07997 NOME=ANA LUISA TEIXEIRA MEIRA REIS
[CREATE] CHAPA=08007 NOME=EDUARDA BARBOSA DE BARROS
[CREATE] CHAPA=08023 NOME=ANA ELISA ALMEIDA SANTOS DE OLIVEIRA
[CREATE] CHAPA=08024 NOME=JULIANA DE CASTRO SOLANO MARTINS
[CREATE] CHAPA=08041 NOME=ANA MARIA DO AMARAL CASTRO RIBEIRO
[CREATE] CHAPA=08044 NOME=LEILA CARINE DOS REIS CONCEICAO
[CREATE] CHAPA=08052 NOME=HELENA BARROSO BERNAL
[CREATE] CHAPA=08080 NOME=BRUNO SILVA PEDRA DA ROCHA
[CREATE] CHAPA=08082 NOME=AMANDA AVELAR LIMA
[CREATE] CHAPA=08083 NOME=LETICIA OLIVEIRA SARAIVA VILLAS BOAS
[CREATE] CHAPA=08115 NOME=IZABELLA DA SILVA VIANA
[CREATE] CHAPA=08116 NOME=ALTAIR DOS SANTOS LIRA
[CREATE] CHAPA=08130 NOME=ALAN CRONEMBERGER ANDRADE
[CREATE] CHAPA=08131 NOME=ANDRE BOMFIM DIAS
[CREATE] CHAPA=08160 NOME=THIAGO SANTANA PEREIRA
[CREATE] CHAPA=08167 NOME=VINICIUS CARDOSO LAGO
[CREATE] CHAPA=08205 NOME=CELSO NASCIMENTO DE ALMEIDA
[CREATE] CHAPA=08213 NOME=CARINE SCHITINI PINHEIRO D ALMEIDA MONTEIRO
[CREATE] CHAPA=08214 NOME=LUDMILA DIAS DE CARVALHO ANDRADE
[CREATE] CHAPA=08215 NOME=ROBERTA RODRIGUES CASALI BAHIA
[CREATE] CHAPA=08220 NOME=MATHEUS JACOBINA ANDRADE E SILVA
[CREATE] CHAPA=08221 NOME=YURI MOURA MATA MARTINS
[CREATE] CHAPA=08223 NOME=PRISCILA MARY DOS SANTOS BAHIA
[CREATE] CHAPA=08226 NOME=ILANA RODRIGUES SANTOS
[CREATE] CHAPA=08237 NOME=ANA LUISA DE ARAUJO DIAS
[CREATE] CHAPA=1442 NOME=FREDERICO LUIZ DA SILVA FIGUEIROA
[CREATE] CHAPA=1726 NOME=ANTONIO CARLOS COSTA
[CREATE] CHAPA=1965 NOME=MARCIA SAMPAIO DE CARVALHO CUNHA
[CREATE] CHAPA=1974 NOME=EMERENTINO ELTON SOUSA DE ARAUJO
[CREATE] CHAPA=1976 NOME=JOSE LUIZ FARIAS SOARES
[CREATE] CHAPA=1996 NOME=ANA PAULA GOMES ALCANTARA VILLA NOVA
[CREATE] CHAPA=1997 NOME=LIVIA MARIA BITTENCOURT NOSSA
[CREATE] CHAPA=2201 NOME=ANABELA SILVA QUEIROZ
[CREATE] CHAPA=2781 NOME=REGINA MARIA BRASIL SANTOS
[CREATE] CHAPA=2807 NOME=MAGNOLIA MAGALHAES DE CARVALHO
[CREATE] CHAPA=2935 NOME=FERNANDO BASTOS PEREIRA JUNIOR
[CREATE] CHAPA=2939 NOME=SUELY COLOMBO NELLI GOMES
[CREATE] CHAPA=3043 NOME=MIRIAM PINILLOS MARAMBAIA
[CREATE] CHAPA=3052 NOME=OSMARIO JORGE DE MATTOS SALLES
[CREATE] CHAPA=3074 NOME=JOAO DA COSTA PINTO DANTAS
[CREATE] CHAPA=3085 NOME=ELIANA ROCHA DOS SANTOS
[CREATE] CHAPA=3104 NOME=PEDRO FLAVIO COSTA MOTTA
[CREATE] CHAPA=3242 NOME=TATIANA DANTAS DA COSTA LYRA
[CREATE] CHAPA=3302 NOME=ROBERTA CATAPANO NAVES
[CREATE] CHAPA=3315 NOME=MILENE DE FREITAS LIMA SALOMAO
[CREATE] CHAPA=3362 NOME=JOAO PAULO QUEIROZ FARIAS
[CREATE] CHAPA=3376 NOME=MAURICIO DOS SANTOS LAGO
[CREATE] CHAPA=3388 NOME=CALIL DARZE NETO
[CREATE] CHAPA=3467 NOME=SANDRA LUCIA BRASIL SANTOS
[CREATE] CHAPA=3485 NOME=EDSON RUY DA SILVA FELIX
[CREATE] CHAPA=3613 NOME=SANDRA PORCIUNCULA MENDEZ
[CREATE] CHAPA=3772 NOME=DOLORES GONZALEZ BORGES DE ARAUJO
[CREATE] CHAPA=3868 NOME=NOILTON JORGE DIAS
[CREATE] CHAPA=3891 NOME=MARIA AUXILIADORA MONTEIRO DE SOUZA
[CREATE] CHAPA=4099 NOME=ANA LUIZA VELLOSO DA PAZ MATOS
[CREATE] CHAPA=4278 NOME=ELENICE RAMOS
[CREATE] CHAPA=4281 NOME=ALEXVON NUNES GOMES
[CREATE] CHAPA=4387 NOME=ANDREA HELENA ARGOLO FERRARO
[CREATE] CHAPA=4447 NOME=ROSA VIANNA DIAS DA SILVA BRIM
[CREATE] CHAPA=4578 NOME=MARTA VANESSA OLIVEIRA DE SOUZA
[CREATE] CHAPA=4687 NOME=BARBARA ANGELICA GOMEZ PEREZ
[CREATE] CHAPA=4798 NOME=ARLENE DE QUEIROZ ALVES
[CREATE] CHAPA=4815 NOME=CAROLINA BITTENCOURT MOURA DE ALMEIDA
[CREATE] CHAPA=4824 NOME=ALEXSANDRO TARTAGLIA
[CREATE] CHAPA=4925 NOME=ROSENIR ALCANTARA DE OLIVEIRA
[CREATE] CHAPA=5092 NOME=ITANA SANTOS FERNANDES
[CREATE] CHAPA=5101 NOME=JUCIMARA DOS SANTOS CIRCUNCIZAO
[CREATE] CHAPA=5115 NOME=FLAVIA CAROLINA GONÇALVES DE AZEVEDO MEIRA
[CREATE] CHAPA=5171 NOME=ADRIANO SILVA PEREZ
[CREATE] CHAPA=5183 NOME=PAULO CESAR PINHEIRO FEITOSA
[CREATE] CHAPA=5318 NOME=GALENO EGYDIO JOSE DE MAGALHAES NETO
[CREATE] CHAPA=5331 NOME=ANDREIA GONCALVES BATISTA LIMA
[CREATE] CHAPA=5389 NOME=DANIELA CRISTINA DINIZ FERREIRA GALVÃO
[CREATE] CHAPA=5395 NOME=VIVIANE DE MATOS FERREIRA
[CREATE] CHAPA=5403 NOME=THAIS FAGUNDES BARRETO
[CREATE] CHAPA=5596 NOME=GLEIDE GLICIA GAMA LORDELLO
[CREATE] CHAPA=5599 NOME=LAVINIA BOAVENTURA SILVA MARTINS
[CREATE] CHAPA=5618 NOME=LUANA BOMFIM COSTA
[CREATE] CHAPA=5632 NOME=AIDE NUNES DA SILVA
[CREATE] CHAPA=5732 NOME=MARIA LUIZA SARNO CASTRO
[CREATE] CHAPA=5760 NOME=BRUNO SIMOES DIAS GONCALVES
[CREATE] CHAPA=5783 NOME=MARIA OLIVIA SOBRAL FRAGA DE MEDEIROS
[CREATE] CHAPA=5793 NOME=LUCIMEIRE CARDOSO DUARTE
[CREATE] CHAPA=5857 NOME=MARLENE BARRETO SANTOS
[CREATE] CHAPA=5859 NOME=RAIMUNDO NONATO RIBEIRO FERNANDES
[CREATE] CHAPA=5878 NOME=PAULA SCHONS VIECELI
[CREATE] CHAPA=5879 NOME=FERNANDA FERRAZ DE CASTRO
[CREATE] CHAPA=5957 NOME=PAULO ROBERTO TAVARES GOMES FILHO
[CREATE] CHAPA=5982 NOME=TATIANA FRANCO BATISTA
[CREATE] CHAPA=6002 NOME=ANTONIO LUCINDO PINTO DE CAMPOS SOBRINHO
[CREATE] CHAPA=6070 NOME=ANTONIO MAURICIO RODRIGUES BRASIL
[CREATE] CHAPA=6072 NOME=FRANCISCO TIAGO OLIVEIRA DE OLIVEIRA
[CREATE] CHAPA=6073 NOME=GIVANILDO NASCIMENTO DOS SANTOS
[CREATE] CHAPA=6083 NOME=MAURICIO BRITO TEIXEIRA
[CREATE] CHAPA=6086 NOME=OLIVIA CARLA BOMFIM BOAVENTURA
[CREATE] CHAPA=6149 NOME=MURILO SANTOS DE SOUZA
[CREATE] CHAPA=6168 NOME=MARIA IVANA AMADO CHAVES GUERRA
[CREATE] CHAPA=6169 NOME=SERGIO PINTO DE SOUZA
[CREATE] CHAPA=6170 NOME=CARMEM LUCIA DANTAS BARBOSA DE CARVALHO
[CREATE] CHAPA=6194 NOME=CLEA GARCIA CERDEIRA DE ATAIDE
[CREATE] CHAPA=6214 NOME=GIDELIA ALENCAR DA SILVA
[CREATE] CHAPA=6215 NOME=MARTA BALTAZAR DOS SANTOS CERQUEIRA
[CREATE] CHAPA=6260 NOME=CLISTENES QUEIROZ OLIVEIRA
[CREATE] CHAPA=6359 NOME=CRISTINA AIRES BRASIL
[CREATE] CHAPA=6364 NOME=MARCUS VINICIUS ALVES LIMA
[CREATE] CHAPA=6367 NOME=MARIANA NOSSA ARAGAO
[CREATE] CHAPA=6378 NOME=NORMA LUCIA LUZ SAMPAIO
[CREATE] CHAPA=6420 NOME=LUCAS ALVES PEREIRA
[CREATE] CHAPA=07148 NOME=VIVIANE MACHICADO CAVALCANTE
[CREATE] CHAPA=07478 NOME=PATRICIA LIMA JUNQUEIRA
[CREATE] CHAPA=07488 NOME=ROBERTA LUCIANA RODRIGUES BRASILEIRO DE CARVALHO
[CREATE] CHAPA=3484 NOME=LEONARDO MUNIZ CARVALHO LIMA
[CREATE] CHAPA=07075 NOME=MARCELA CAVALCANTE DOS SANTOS GONCALVES
[CREATE] CHAPA=0481 NOME=MARIA SUZANA VASCONCELOS DE ARAUJO SILVA
[CREATE] CHAPA=0515 NOME=GETULIO BORGES FERNANDES
[CREATE] CHAPA=0570 NOME=MARIA ALICE FEITOSA FALCAO
[CREATE] CHAPA=0573 NOME=GILBERTO DE LIMA E SILVA FILHO
[CREATE] CHAPA=0923 NOME=RAIMUNDO NONATO DE SOUSA ANDRADE
[CREATE] CHAPA=0961 NOME=ARIENE PEDREIRA PAIXAO
[CREATE] CHAPA=0970 NOME=ANDRE DANTAS ZIMMERMANN
[CREATE] CHAPA=1957 NOME=ANDRE LUIZ BARRETO CUNHA
[CREATE] CHAPA=1958 NOME=ANA CRISTINA CARNEIRO DOS REIS
[CREATE] CHAPA=1970 NOME=VINICIO MOITINHO DO CARMO
[CREATE] CHAPA=2866 NOME=CELIA MARIA STOLZE SILVANY
[CREATE] CHAPA=2962 NOME=MARIA CRISTINA GOMES DE SANTANA
[CREATE] CHAPA=3070 NOME=NADIA MAURICIA DE MORAES MATOS
[CREATE] CHAPA=3392 NOME=PAULO ROBERTO RIOS DE OLIVEIRA
[CREATE] CHAPA=3573 NOME=CARLA OLIVEIRA SAMPAIO
[CREATE] CHAPA=3663 NOME=MAGDA MARIA SANTOS ANDRADE
[CREATE] CHAPA=3840 NOME=MYLA DE LIMA AROUCA OLIVEIRA
[CREATE] CHAPA=4272 NOME=HAYDEE BATISTA MATTOS
[CREATE] CHAPA=4302 NOME=ADALARDO SOUSA CARNEIRO
[CREATE] CHAPA=07925 NOME=MARIA LUIZA SANTOS DA SILVA
[CREATE] CHAPA=6393 NOME=MONALISA NOBRE BASTOS
[CREATE] CHAPA=06462 NOME=INDIRA AYAMA DE SOUZA TUPINA
[CREATE] CHAPA=06534 NOME=PALOMA MARIA NOVAES DE CASTRO FERREIRA
[CREATE] CHAPA=06535 NOME=LEANDRA CHAVES SILVA BARROS
[CREATE] CHAPA=06539 NOME=BARBARA MARIA OLIVEIRA DE SOUZA
[CREATE] CHAPA=06560 NOME=KATIA REIS ALVES
[CREATE] CHAPA=06567 NOME=ROSY MAGALY RIBEIRO LOPES SANTANA
[CREATE] CHAPA=06571 NOME=LARISSA DAMASCENO SALMEIRO DOS SANTOS
[CREATE] CHAPA=06639 NOME=MARIANA PORTO BRANDAO MARACAJA
[CREATE] CHAPA=06656 NOME=MARCOS MACHADO BAROJAS
[CREATE] CHAPA=06682 NOME=ISABELLA DE OLIVEIRA MAGALHAES NASCIMENTO
[CREATE] CHAPA=06683 NOME=IGOR LOBAO FERRAZ RIBEIRO
[CREATE] CHAPA=06738 NOME=TAINAN PATURY SANTOS
[CREATE] CHAPA=06748 NOME=RAVEL SILVA BORGES
[CREATE] CHAPA=06790 NOME=MARCIO ROBERTO COELHO SANTOS
[CREATE] CHAPA=06802 NOME=ALEXANDRE LOPES MARTINS FILHO
[CREATE] CHAPA=06878 NOME=LIVIA DE ARAUJO GONCALVES
[CREATE] CHAPA=06931 NOME=SIMONE LESSA METZGER
[CREATE] CHAPA=06942 NOME=JOICE CAVALCANTE ANDRADE
[CREATE] CHAPA=06955 NOME=EDUARDO FONSECA GUSMAO
[CREATE] CHAPA=07010 NOME=ERICA MARIA PINTO DE QUEIROZ
[CREATE] CHAPA=07040 NOME=BRUNO DE OLIVEIRA ROCHA
[CREATE] CHAPA=07052 NOME=FELIPE BORGES PITANGUEIRA
[CREATE] CHAPA=07059 NOME=JOANNA GARZEDIN GOMES
[CREATE] CHAPA=07074 NOME=HUMBERTO DREWS PESSOA LOPES
[CREATE] CHAPA=07078 NOME=LAILA PINHEIRO BASTOS
[CREATE] CHAPA=07083 NOME=LILIANA SAMPAIO TEIXEIRA DANTAS
[CREATE] CHAPA=07086 NOME=FELIPE COSTA NEVES
[CREATE] CHAPA=07090 NOME=DIEGO MOREIRA ARRUDA
[CREATE] CHAPA=07091 NOME=LAISE MOTA TORRES
[CREATE] CHAPA=07095 NOME=MARIA EUNICE FONSECA LEITE
[CREATE] CHAPA=07096 NOME=LUDMILA ANDRADE VIANA CONDURU DE MORAES
[CREATE] CHAPA=07098 NOME=LAYSA MANATTA TENORIO
[CREATE] CHAPA=07215 NOME=FERNANDA PINHEIRO MARTIN TAPIOCA
[CREATE] CHAPA=07216 NOME=SILVIA SELIGMANN SOARES
[CREATE] CHAPA=07224 NOME=VINICIUS VELOSO TEIXEIRA
[CREATE] CHAPA=07229 NOME=VICTOR FRANCA DE ALMEIDA
[CREATE] CHAPA=07244 NOME=NAIARA VANESSA FRANCA LIMA
[CREATE] CHAPA=07248 NOME=ANTONIO FERNANDO BORBA FROES JUNIOR
[CREATE] CHAPA=07249 NOME=VALDIR CERQUEIRA DE SANT ANA FILHO
[CREATE] CHAPA=07268 NOME=RIDER MAY CEDRO
[CREATE] CHAPA=07271 NOME=NATALIA REZENDE FONSECA
[CREATE] CHAPA=07273 NOME=RACHEL OLIVEIRA SANTOS HAINE
[CREATE] CHAPA=07280 NOME=CLARISSA CERQUEIRA RAMOS
[CREATE] CHAPA=07360 NOME=MARIZA MEDEIROS AGULHA
[CREATE] CHAPA=07479 NOME=ANA JULIA ANDRADE CARDOSO
[CREATE] CHAPA=07485 NOME=ALESSANDRO NASCIMENTO ARAUJO SOUSA
[CREATE] CHAPA=07499 NOME=LAIS MARIA GOMES DE BRITO VENTURA
[CREATE] CHAPA=07505 NOME=PAULO VITOR LIMA SOARES
[CREATE] CHAPA=07556 NOME=RENE MARTINS VIANA FILHO
[CREATE] CHAPA=07589 NOME=LUIZ ALEXANDRE FONSECA DE AVILA
[CREATE] CHAPA=07593 NOME=GUILHERME MELLO RAMOS DE ALMEIDA
[CREATE] CHAPA=07602 NOME=RODRIGO ALMEIDA CERQUEIRA FRANCA
[CREATE] CHAPA=07626 NOME=RAFAEL GOMES RIBEIRO
[CREATE] CHAPA=07832 NOME=FELIPE PINHEIRO SANTOS
[CREATE] CHAPA=07881 NOME=MARCOS VINICIUS GOES RIOS
[CREATE] CHAPA=07889 NOME=JESSYCA VICTOR BACELAR
[CREATE] CHAPA=07906 NOME=LUIS AFONSO BORGES MARTINHO
[CREATE] CHAPA=07907 NOME=ANA SAMPAIO LEMOS
[CREATE] CHAPA=07910 NOME=LUIZ ANTONIO BATISTA CARNEIRO
[CREATE] CHAPA=07998 NOME=CAENA RODRIGUES CONCEICAO
[CREATE] CHAPA=08008 NOME=CLARISSA DANTAS DE ANDRADE
[CREATE] CHAPA=08011 NOME=JULIANA DE ABREU MESQUITA
[CREATE] CHAPA=08025 NOME=VERONICA MOITINHO SENA
[CREATE] CHAPA=08026 NOME=JOSE RICARDO MADUREIRA DE ALMEIDA
[CREATE] CHAPA=08028 NOME=MAURICIO SILVA TEIXEIRA
[CREATE] CHAPA=08099 NOME=DANUSA MOREIRA DO LAGO LIMA
[CREATE] CHAPA=08152 NOME=ERICK DE CARVALHO MACHADO
[CREATE] CHAPA=08204 NOME=LUCAS BOHANA CARIA
[CREATE] CHAPA=08206 NOME=IGOR ALISSON TOBIAS DE MATOS
[CREATE] CHAPA=08211 NOME=FILIP MESSIAS SANTANA PRADO
[CREATE] CHAPA=08212 NOME=ANA BEATRIZ DIDIER STUDART
[CREATE] CHAPA=08219 NOME=MARIO FERRARI NETO
[CREATE] CHAPA=08222 NOME=JULIANA ALMEIDA TORRES BRITO
[CREATE] CHAPA=08228 NOME=BRUNO SANTANA ARAUJO
[CREATE] CHAPA=08234 NOME=IGOR CAMPOS DA SILVA
[CREATE] CHAPA=4445 NOME=EDSON MARCOS FERREIRA DE OLIVEIRA
[CREATE] CHAPA=4679 NOME=JOAO AMARO COELHO NETO
[CREATE] CHAPA=4795 NOME=RITA MARIA REIS CONCEICAO
[CREATE] CHAPA=5126 NOME=DAIANE CRISTINA SOVERAL BURGOS SANTANA
[CREATE] CHAPA=5127 NOME=ROBSON WESLEY DOS REIS SILVA
[CREATE] CHAPA=5204 NOME=SIMONE MARIA DE OLIVEIRA FIGUEREDO
[CREATE] CHAPA=5399 NOME=DIVALDO RIBEIRO LOPES FILHO
[CREATE] CHAPA=5467 NOME=SANDRA MARIA CARDOSO VILLA NOVA CORREIA
[CREATE] CHAPA=5598 NOME=REINALDO ANTUNES BARROS
[CREATE] CHAPA=5785 NOME=MARCIO FREIRE DE CARVALHO OLIVEIRA
[CREATE] CHAPA=5997 NOME=JOSE CARLOS PETRONILO PASSOS SOUZA
[CREATE] CHAPA=5998 NOME=NADJA MAGALI GONCALVES
[CREATE] CHAPA=6005 NOME=KATHIA SUZANA MENEZES RABELO
[CREATE] CHAPA=6038 NOME=TAUA VIEIRA BAHIA
[CREATE] CHAPA=07206 NOME=RENATA FERREIRA MARTINS ALMEIDA
[CREATE] CHAPA=07935 NOME=FILIPE SILVA FERREIRA
[CREATE] CHAPA=1180 NOME=ISABEL CRISTINA LEITE D ALMEIDA SOARES
[CREATE] CHAPA=0057 NOME=SAMUEL BARBOSA DA SILVA
[CREATE] CHAPA=1480 NOME=UILIAM DOS SANTOS ARGOLO
[CREATE] CHAPA=06910 NOME=ELAINE ARAUJO DA SILVA GONCALVES
[CREATE] CHAPA=06945 NOME=CAROLINA NASCIMENTO MOREIRA SENA
[CREATE] CHAPA=07060 NOME=DENISE SOUSA DOS SANTOS
[CREATE] CHAPA=07814 NOME=LARISSA DE OLIVEIRA LIMA DA SILVA
[CREATE] CHAPA=07829 NOME=JUCIVANIA DE JESUS SILVA
[CREATE] CHAPA=08110 NOME=LILIANE DAS NEVES PINHO
[CREATE] CHAPA=08113 NOME=SILVANA FERREIRA DA LUZ ALMEIDA
[CREATE] CHAPA=08154 NOME=SULAMITA SANTOS GOMES SANTANA
[CREATE] CHAPA=5996 NOME=PRISCILA BOMFIM LIMA ALMEIDA
[CREATE] CHAPA=6406 NOME=DANIELA CHAGAS DA CONCEICAO
[CREATE] CHAPA=07657 NOME=ANA CAROLINA COSTA REIS
[CREATE] CHAPA=0742 NOME=EUNICIANA DA SILVA DOS SANTOS
[CREATE] CHAPA=2882 NOME=FLORENCIO RODRIGUES PINHEIRO FILHO
[CREATE] CHAPA=5449 NOME=RONIVALDO SANTANA SILVA E SILVA
[CREATE] CHAPA=06597 NOME=MAIARA LIMA DE JESUS
[CREATE] CHAPA=07390 NOME=CRISLANE YASMIN SILVA CRUZ
[CREATE] CHAPA=07899 NOME=LUCAS BATISTA DA SILVA
[CREATE] CHAPA=08066 NOME=DARLAINE MACHADO DE ALMEIDA
[CREATE] CHAPA=08140 NOME=ANA LUIZA ALMEIDA AQUINO
[CREATE] CHAPA=6189 NOME=CILENE NEVES DA SILVA
[CREATE] CHAPA=07569 NOME=LUCAS DE ABREU DE MELO
[CREATE] CHAPA=07800 NOME=ADRIELLE SANTOS GUIMARAES
[CREATE] CHAPA=08169 NOME=DAVID MEDRADO CHAVES DE AGUIAR
[CREATE] CHAPA=4403 NOME=RITA DE CASSIA BONFIM DOS SANTOS
[CREATE] CHAPA=07725 NOME=VIVIANY SOUZA OLIVEIRA QUEIROZ
[CREATE] CHAPA=3140 NOME=SONIA LUCIA RANGEL QUINTELA
[CREATE] CHAPA=06447 NOME=MARIA LUCIA BATISTA DOS SANTOS
[CREATE] CHAPA=06625 NOME=EDINALVA DO NASCIMENTO SANTOS
[CREATE] CHAPA=06742 NOME=ALEXSANDRO DOS SANTOS FRANCO
[CREATE] CHAPA=07615 NOME=VINICIUS SOUZA DOS SANTOS
[CREATE] CHAPA=08166 NOME=MARIA LETICIA QUEIROZ DE SOUZA
[CREATE] CHAPA=1865 NOME=JAGUACIARA PIRES DE OLIVEIRA
[CREATE] CHAPA=2106 NOME=MARIA CELIA DIAS DE SOUZA MOLINA
[CREATE] CHAPA=3368 NOME=IGOR DOS SANTOS MIRANDA
[CREATE] CHAPA=3427 NOME=ADEMAR DO REGO PINHEIRO
[CREATE] CHAPA=3634 NOME=MOISES FERREIRA SILVA
[CREATE] CHAPA=4046 NOME=RITA CONCEICAO DE QUEIROZ JARDIM
[CREATE] CHAPA=4523 NOME=GENIVALDO LINHARES DOS SANTOS
[CREATE] CHAPA=4694 NOME=IONE PEREIRA DE JESUS
[CREATE] CHAPA=5199 NOME=ALINE COSTA LEAL
[CREATE] CHAPA=6382 NOME=LUCIMEIRE SANTOS BRITO
[CREATE] CHAPA=06880 NOME=MARIA GEORGINA DRUMMOND DE CARVALHO
[CREATE] CHAPA=07866 NOME=JONATHAN SILVA DE OLIVEIRA
[CREATE] CHAPA=6234 NOME=MIRELLA LIMA DE BRITO
[CREATE] CHAPA=5406 NOME=CLAYTON SILVA DE ALMEIDA
[CREATE] CHAPA=07716 NOME=GHOVANA HEMELLE CONCEICAO DE SOUZA
[CREATE] CHAPA=07940 NOME=EMELEN KETELEN CRUZ MACHADO
[CREATE] CHAPA=06885 NOME=SHIRLAYNE NASCIMENTO SILVA
[CREATE] CHAPA=06950 NOME=TAINA GONCALVES D UIRAUNA SANTOS
[CREATE] CHAPA=07202 NOME=FABRICIO SOUSA DOS SANTOS
[CREATE] CHAPA=08230 NOME=STEFANE SOUSA DE SAO LEAO
[CREATE] CHAPA=08233 NOME=YASMIM SANTIAGO DOS SANTOS
[CREATE] CHAPA=5063 NOME=GEISA ARLETE DO CARMO SANTOS
[CREATE] CHAPA=6422 NOME=MAILSON SANTOS DA COSTA
[CREATE] CHAPA=08021 NOME=YAN WILLIAMS DOS SANTOS CERQUEIRA
[CREATE] CHAPA=6245 NOME=VANESSA SIMONE CARVALHO PEREIRA
[CREATE] CHAPA=6095 NOME=JAMILE SANTANA FREITAS
[CREATE] CHAPA=06811 NOME=IGOR SILAS MESQUITA DE PINHO
[CREATE] CHAPA=07714 NOME=KENNEDY ARAUJO DE JESUS
[CREATE] CHAPA=08240 NOME=JEFFERSON SILVA DE BARROS
[CREATE] CHAPA=07924 NOME=GABRIEL ARAUJO BARRETO
[CREATE] CHAPA=07999 NOME=STTEFANY SANTOS DA CONCEICAO
[CREATE] CHAPA=08135 NOME=FABIO SILVA NOGUEIRA
[CREATE] CHAPA=06724 NOME=ALANA ARAUJO PINTO
[CREATE] CHAPA=3219 NOME=JOSEFA CELMA SANTOS DA CRUZ
[CREATE] CHAPA=5400 NOME=FLAVIA FERREIRA MASCARENHAS
[CREATE] CHAPA=07507 NOME=RENATA NERY LIMA
[CREATE] CHAPA=06697 NOME=PATRICIA VIRGINIA DE CASTRO ARGOLLO
[CREATE] CHAPA=3087 NOME=SIMONE DOS REIS OLIVEIRA
[CREATE] CHAPA=07138 NOME=NATIELEN FERREIRA DOS SANTOS
[CREATE] CHAPA=07542 NOME=CAROLINE CASTRO DOS SANTOS
[CREATE] CHAPA=08036 NOME=NATHALIA DA SILVA BATISTA
[CREATE] CHAPA=06705 NOME=LIVIA ARAUJO DOS SANTOS
[CREATE] CHAPA=4612 NOME=LIGIA FERREIRA BACELAR
[CREATE] CHAPA=5807 NOME=MARIA HELENA MENDES SOUZA SANTOS PAIXAO
[CREATE] CHAPA=07179 NOME=LUCIANA GONDIM RIBEIRO DA SILVA
[CREATE] CHAPA=06512 NOME=MITIAN BARBARA COSTA FONSECA
[CREATE] CHAPA=5914 NOME=SUELIA CHRISTINA PIRAJA PEDREIRA ALEM
[CREATE] CHAPA=0310 NOME=JOSE HELIO DOS SANTOS
[CREATE] CHAPA=06580 NOME=WENDSON LENNON AMORIM DE OLIVEIRA
[CREATE] CHAPA=07199 NOME=GEREMIAS TRAJANO DOS SANTOS
[CREATE] CHAPA=2671 NOME=JOSE CARLOS FREITAS
[CREATE] CHAPA=06553 NOME=RIVANILSON DA SILVA SOUZA PEREIRA
[CREATE] CHAPA=07576 NOME=JOAO PAULO ALBERGARIA CABRAL
[CREATE] CHAPA=07598 NOME=DANILO SILVA DOS SANTOS
[CREATE] CHAPA=07847 NOME=EDUARDO REIS DE SOUZA
[CREATE] CHAPA=07959 NOME=LUCAS CAVALCANTE GOVEIA
[CREATE] CHAPA=08049 NOME=LUIS ALBERTO PEREIRA DOS SANTOS
[CREATE] CHAPA=08067 NOME=GEOVANE PEREIRA DOS SANTOS
[CREATE] CHAPA=08069 NOME=MARCOS DOS SANTOS BRITO
[CREATE] CHAPA=08071 NOME=CASSIO CONCEICAO DA SILVA GOMES
[CREATE] CHAPA=08125 NOME=GEILDO PEREIRA DOS SANTOS GUIMARAES
[CREATE] CHAPA=4856 NOME=DANILO RAMOS DOS SANTOS ANJOS
[CREATE] CHAPA=07516 NOME=IGOR BRUNO DE JESUS DOS SANTOS
[CREATE] CHAPA=3649 NOME=AGNALDO DA CRUZ SILVA
[CREATE] CHAPA=06909 NOME=IVAN RIBEIRO DOS SANTOS
[CREATE] CHAPA=07456 NOME=MURILO DE JESUS CONCEICAO SILVA
[CREATE] CHAPA=06458 NOME=CARINE SANTOS MACHADO
[CREATE] CHAPA=07821 NOME=CAIQUE OLIVEIRA BRITO
[CREATE] CHAPA=08098 NOME=ROSEANA NERI DE JESUS
[CREATE] CHAPA=4512 NOME=WILDSON ALEX BARRETO E SILVA
[CREATE] CHAPA=07056 NOME=GABRIEL DOS SANTOS BARROS
[CREATE] CHAPA=6147 NOME=ANDERSON EVANGELISTA DO NASCIMENTO JUNIOR
[CREATE] CHAPA=06607 NOME=VANESSA SILVA MOTA BISPO
[CREATE] CHAPA=4022 NOME=LUCIANA SILVA DOS SANTOS
[CREATE] CHAPA=3310 NOME=CARLA CRISTINA GOMES XAVIER
[CREATE] CHAPA=6022 NOME=FELIPE LUIZ SANTOS
[CREATE] CHAPA=07650 NOME=LISIANE FREITAS DE JESUS
[CREATE] CHAPA=4115 NOME=NATAN BATISTA DA SILVA
[CREATE] CHAPA=07422 NOME=IAGO LEITE FONTES
[CREATE] CHAPA=07958 NOME=PALOMA OLIVEIRA DA SILVA
[CREATE] CHAPA=08171 NOME=JOAO VICTOR SOUZA DE MORAES
[CREATE] CHAPA=08231 NOME=MICAEL SILVA SANTOS
[CREATE] CHAPA=08232 NOME=ALAN JORGE CARVALHO SANTOS
[CREATE] CHAPA=07771 NOME=FABIO RICARDO MELO DE SOUZA
[CREATE] CHAPA=07038 NOME=MARIANA GOES DA PAIXAO
[CREATE] CHAPA=07339 NOME=SIMONE MARTINEZ ESTEVEZ AMOEDO
[CREATE] CHAPA=1746 NOME=MANOEL FRANCISCO DE SANTANA
[CREATE] CHAPA=07276 NOME=RENILSON ANDRADE DOS SANTOS
[CREATE] CHAPA=5348 NOME=LUCIANA LIMA BRANCO
[CREATE] CHAPA=4638 NOME=ANA ISAURA CAMELYER ALVES
[CREATE] CHAPA=3259 NOME=MARIA ANGELICA GODINHO MENDES DE ABREU
[CREATE] CHAPA=4969 NOME=GLADYS LUCIA ASSUNCAO PITANGA
[CREATE] CHAPA=5673 NOME=JANIEIDE DE SOUZA LUZ
[CREATE] CHAPA=2963 NOME=GERSON SANTOS DO ROSARIO
[CREATE] CHAPA=08202 NOME=SIARA NASCIMENTO COUTINHO DE SOUZA
[CREATE] CHAPA=07675 NOME=GIANLUCA CHAGAS SANTOS
[CREATE] CHAPA=07799 NOME=RAISSA DA CRUZ CALDEIRA
[CREATE] CHAPA=6423 NOME=CLEIDSON DOS SANTOS BATISTA
[CREATE] CHAPA=07218 NOME=ANDERSON SALDANHA DOS SANTOS
[CREATE] CHAPA=07332 NOME=ALESSANDRA DE JESUS BARBOSA
[CREATE] CHAPA=07351 NOME=RENILDA SANTOS FERREIRA
[CREATE] CHAPA=07566 NOME=RICARDO SOUSA RODRIGUES
[CREATE] CHAPA=07624 NOME=JOCENILDA DE CARVALHO LIMA
[CREATE] CHAPA=07634 NOME=JOSE ALVES DA LUZ
[CREATE] CHAPA=07652 NOME=ANILSON OLIVEIRA PALMA JUNIOR
[CREATE] CHAPA=07679 NOME=ROSANGELA ANDRADE DA CONCEICAO
[CREATE] CHAPA=07905 NOME=TARCISO MICHEL SANTA RITA MACEDO
[CREATE] CHAPA=07964 NOME=FABIANA DO SACRAMENTO OLIVEIRA
[CREATE] CHAPA=08012 NOME=RODRIGO DA SILVA SANTOS
[CREATE] CHAPA=08017 NOME=ALEXANDRE DE CARVALHO BASTOS JUNIOR
[CREATE] CHAPA=08027 NOME=LAILANE CRISHIMA ROCHA DE MATOS
[CREATE] CHAPA=08054 NOME=JEFFERSON LEAL BATISTA
[CREATE] CHAPA=08055 NOME=ANTONIO JANIO FREITAS GONCALVES FILHO
[CREATE] CHAPA=08121 NOME=TATIANA DANTAS SOUZA
[CREATE] CHAPA=08124 NOME=MARCIO SILVA BARBOSA
[CREATE] CHAPA=08139 NOME=VERONICE ALVES DOS SANTOS
[CREATE] CHAPA=08141 NOME=GESSIANE SANTOS DO NASCIMENTO
[CREATE] CHAPA=08235 NOME=IGOR SANTOS DE OLIVEIRA
[CREATE] CHAPA=08247 NOME=MARCUS VINICIUS SANTOS MOREIRA
[CREATE] CHAPA=2873 NOME=ELIEL MARTINS DE JESUS
[CREATE] CHAPA=2931 NOME=MARCIA MARIA SANTOS BARBOSA
[CREATE] CHAPA=4340 NOME=JAIR BARBOSA PEREIRA
[CREATE] CHAPA=4470 NOME=TIAGO NASCIMENTO PEREIRA
[CREATE] CHAPA=4894 NOME=MANOEL RODRIGUES DE MIRANDA
[CREATE] CHAPA=5471 NOME=JAQUELINE NASCIMENTO GUEDES
[CREATE] CHAPA=6143 NOME=RICARDO DOS SANTOS BARBOSA
[CREATE] CHAPA=07930 NOME=ANICIA SANTOS LIMA
[CREATE] CHAPA=06774 NOME=FERNANDA DOS SANTOS ARAGÃO
[CREATE] CHAPA=3809 NOME=MANOEL MESSIAS CONCEICAO TEIXEIRA
[CREATE] CHAPA=07767 NOME=ANDREIA DE JESUS SANTOS
[CREATE] CHAPA=6032 NOME=RENILDA CONCEICAO DOS SANTOS
[CREATE] CHAPA=5814 NOME=DAVID NEPONUCENO SANTOS
[CREATE] CHAPA=4449 NOME=CELIA LIMA SOUZA
[CREATE] CHAPA=1707 NOME=NELMA RAMOS SILVA COSTA SANTOS
[CREATE] CHAPA=2688 NOME=VERA LUCIA MARTINS DO ROSARIO
[CREATE] CHAPA=2816 NOME=MARILIA DOS SANTOS SILVA
[CREATE] CHAPA=4972 NOME=LUCIANA VIANA PARAGUASSU
[CREATE] CHAPA=06740 NOME=EDICARLOS SANTOS DIAS
[CREATE] CHAPA=5385 NOME=ADEMILSON CERQUEIRA AQUINO
[CREATE] CHAPA=4737 NOME=JULIO MARCELO MELO DOS SANTOS
[CREATE] CHAPA=1743 NOME=ANTONIO LUIS DE JESUS ALVES
[CREATE] CHAPA=3127 NOME=ALMIR LOPES DOS SANTOS
[CREATE] CHAPA=1848 NOME=JOELMA LOUREIRO DE SOUZA MAIA
[CREATE] CHAPA=06741 NOME=SILVIA VIEIRA DO SACRAMENTO CUNHA
[CREATE] CHAPA=08118 NOME=MILENA BLUMETTI DA SILVA
[CREATE] CHAPA=1708 NOME=ROSINEIDE DA SILVA OLIVEIRA
[CREATE] CHAPA=2107 NOME=JANAINA RODRIGUES PEDRO SANTANA
[CREATE] CHAPA=3210 NOME=JOSE MAURICIO RODRIGUES PIRES
[CREATE] CHAPA=2844 NOME=MARISTELA OLIVEIRA DA SILVA
[CREATE] CHAPA=2577 NOME=JUSCELINO VITORIO DOS SANTOS
[CREATE] CHAPA=2608 NOME=WELLINGTON DOS SANTOS
[CREATE] CHAPA=07257 NOME=CIBELE PASSINHO SANCHES
[CREATE] CHAPA=08199 NOME=MARIA JULIA MENDONCA LEMOS MARTINS
[CREATE] CHAPA=4604 NOME=JANAINA OLIVEIRA PITANGA
[CREATE] CHAPA=06917 NOME=FRANCISCO JOSE MEDAUAR ALBUQUERQUE FILHO
[CREATE] CHAPA=07595 NOME=ENEIDA LEAO VASCONCELOS
[CREATE] CHAPA=06536 NOME=MARCIA SILVA DE OLIVEIRA CARVALHO
[CREATE] CHAPA=1878 NOME=ANA KARINA GALVAO BARROSO
[CREATE] CHAPA=5240 NOME=DEBORA SILVA DE CASTRO PEREIRA
[CREATE] CHAPA=06520 NOME=KAUE SOUZA SILVA DE MELO
[CREATE] CHAPA=07512 NOME=GUILHERME TEO NASCIMENTO DOS SANTOS
[CREATE] CHAPA=08164 NOME=HENRIQUE AMPARO DOS SANTOS
[CREATE] CHAPA=06782 NOME=TAINA ALMEIDA PEREIRA
[CREATE] CHAPA=5749 NOME=ANA PAULA ANDRADE COSTA BARROS
[CREATE] CHAPA=07164 NOME=YEDDA JANAINA SCUCCATO DE CASTRO LIMA
[CREATE] CHAPA=07563 NOME=CAUE DO NASCIMENTO RIBEIRO
[CREATE] CHAPA=4850 NOME=MARIA CANDIDA TAVARES CONCEICAO
[CREATE] CHAPA=5751 NOME=LUDMILA AVANZO
[CREATE] CHAPA=6331 NOME=CAMILA LUZIA CRUZ BAQUEIRO
[CREATE] CHAPA=3589 NOME=ANA VERENA GALVAO FIGUEIREDO
[CREATE] CHAPA=07298 NOME=RAQUELINE FERNANDES LIMA
[CREATE] CHAPA=07854 NOME=BEATRIZ DIAS CARDOSO
[CREATE] CHAPA=1738 NOME=LUCIA HELENA PEREIRA DE SOUZA
[CREATE] CHAPA=06725 NOME=KATIA MILENA OLIVEIRA BRITO
[CREATE] CHAPA=07855 NOME=MARIA APARECIDA DOS SANTOS BATISTA
[CREATE] CHAPA=07912 NOME=ROSEMARY OLIVEIRA SANTOS RODRIGUES
[CREATE] CHAPA=08050 NOME=CAROL BISCAIA LE BRAS
[CREATE] CHAPA=08090 NOME=GRAZIELA ALMEIDA SILVA
[CREATE] CHAPA=5380 NOME=TAIS DIAS DE JESUS SANTOS
[CREATE] CHAPA=5384 NOME=DANILO DANTAS FERREIRA
[CREATE] CHAPA=5685 NOME=ANDREINE DA ROCHA SOUZA
[CREATE] CHAPA=07697 NOME=HERBERT SIDRA
[CREATE] CHAPA=1390 NOME=HAMILTON CARLOS DA SILVA
[CREATE] CHAPA=3915 NOME=GENILTON CARDOSO DOS SANTOS
[CREATE] CHAPA=4572 NOME=AMARITO RAMOS DOS SANTOS
[CREATE] CHAPA=07545 NOME=GEORGE FREITAS VIEIRA
[CREATE] CHAPA=2235 NOME=LUCIDIO JESUS DOS SANTOS
[CREATE] CHAPA=3644 NOME=ANTONIO ARAUJO DOS SANTOS
[CREATE] CHAPA=06706 NOME=ADEILTON ALEXANDRINO DA CRUZ
[CREATE] CHAPA=07639 NOME=MISAEL DE AZEVEDO
[CREATE] CHAPA=08146 NOME=OSVALDO CONCEICAO OLIVEIRA
[CREATE] CHAPA=3863 NOME=CRISPINIANO NASCIMENTO DOS SANTOS
[CREATE] CHAPA=6336 NOME=ROBERTO SANTOS FERREIRA
[CREATE] CHAPA=07713 NOME=WILIAN SANTOS DA CONCEICAO
[CREATE] CHAPA=2078 NOME=GIVALDO CARDOSO DOS SANTOS
[CREATE] CHAPA=2967 NOME=EDICARLOS DOS SANTOS SOUZA GERMANO
[CREATE] CHAPA=4038 NOME=MARCIANO OLIVEIRA DE CERQUEIRA
[CREATE] CHAPA=5193 NOME=CLEBER ENRIQUE SANTOS TEIXEIRA
[CREATE] CHAPA=2914 NOME=EMANUEL FAUSTINO SOUSA SANTOS
[CREATE] CHAPA=07450 NOME=WELLINGTON DE JESUS ANDRADE
[CREATE] CHAPA=07140 NOME=JOSENILTON SANTANA CERQUEIRA
[CREATE] CHAPA=07433 NOME=JOSE FELIPE DA SILVA OLEGARIO
[CREATE] CHAPA=07466 NOME=YURI SANTOS RODRIGUES
[CREATE] CHAPA=1259 NOME=VIRGILIO BORGES RAMOS
[CREATE] CHAPA=06912 NOME=ROGERIO SANTOS DA SILVA
[CREATE] CHAPA=08104 NOME=RODRIGO REIS ALMEIDA
[CREATE] CHAPA=5439 NOME=ERISIEL COSTA DE MATOS
[CREATE] CHAPA=5577 NOME=REGINALDO DA SILVA FERREIRA
[CREATE] CHAPA=07322 NOME=KAIQUE RAMOS OLIVEIRA
[CREATE] CHAPA=07454 NOME=JULIO CESAR CONCEICAO DE OLIVEIRA COSTA
[CREATE] CHAPA=07502 NOME=MARCELO DE JESUS NASCIMENTO
[CREATE] CHAPA=07824 NOME=CAIQUE MACHADO DOS SANTOS
[CREATE] CHAPA=07817 NOME=RODRIGO SOUZA DE BRITO
[CREATE] CHAPA=07108 NOME=FABIO BRITO DE JESUS
[CREATE] CHAPA=07825 NOME=CLAUDIA LETICIA SANTANA MURICY
[CREATE] CHAPA=08112 NOME=MARIA LUIZA VASCONCELOS BARROSO CAMPOS
[CREATE] CHAPA=08123 NOME=ANTHONY FELIPE DOS SANTOS
[CREATE] CHAPA=07467 NOME=NIRANE SANTOS CARDOSO FERNANDES
[CREATE] CHAPA=08061 NOME=TIZA OLIVEIRA CARREIRO
[CREATE] CHAPA=08072 NOME=CONCEICAO SOARES DE AQUINO
[CREATE] CHAPA=08148 NOME=JULIO CEZAR DA SILVA BARBOSA
[CREATE] CHAPA=4357 NOME=JOSE NARCISO VIANA PAIVA
[CREATE] CHAPA=4570 NOME=LUZENITA MARQUES LANDEIRO
[CREATE] CHAPA=5965 NOME=RITA DE CASSIA LIMA DO PRADO SILVA
[CREATE] CHAPA=06867 NOME=ALICE SANTOS DA CONCEICAO
[CREATE] CHAPA=07180 NOME=ROSANGELA NASCIMENTO GONCALVES
[CREATE] CHAPA=07792 NOME=JULIANA SOUSA DOS SANTOS
[CREATE] CHAPA=07793 NOME=ADEMILDES DE OLIVEIRA ALMEIDA AQUINO
[CREATE] CHAPA=08059 NOME=EDINALVA DE SOUZA SANTOS
[CREATE] CHAPA=1739 NOME=JOSENILDES OLIVEIRA DOS SANTOS
[CREATE] CHAPA=3602 NOME=VERA REGINA RIBEIRO DOS SANTOS
[CREATE] CHAPA=3826 NOME=ROSANGELA SANTOS CRUZ
[CREATE] CHAPA=5520 NOME=MILENA MELO CASAIS
[CREATE] CHAPA=5804 NOME=MARIA DE FATIMA SILVA CAVALCANTE
[CREATE] CHAPA=1255 NOME=VALDEMIRA SANTOS
[CREATE] CHAPA=6389 NOME=EUNICE DE CASTRO CARVALHO
[CREATE] CHAPA=2251 NOME=MARIA AMELIA SANTANA DE ARAUJO
[CREATE] CHAPA=06784 NOME=TAUAN ESPIRITO SANTO NASCIMENTO
[CREATE] CHAPA=5716 NOME=MARCOS PAULO REIS CONCEICAO
[CREATE] CHAPA=07066 NOME=LUCIANO SEBASTIAO DAS VIRGENS RODRIGUES
[CREATE] CHAPA=07836 NOME=GEISA DOS SANTOS SANTANA
[CREATE] CHAPA=07923 NOME=REBECA BRITO SALES
[CREATE] CHAPA=07987 NOME=DANILO NASCIMENTO DOS SANTOS FERREIRA
[CREATE] CHAPA=08074 NOME=WILLYS BISPO PEREIRA
[CREATE] CHAPA=08168 NOME=FABIO HENRIQUE SOUZA ALVES
[CREATE] CHAPA=06514 NOME=VALNEI MOTA MATOS
[CREATE] CHAPA=08078 NOME=WEMERSON CONCEICAO SANTOS
[CREATE] CHAPA=4942 NOME=ROSALVO DOS SANTOS SAMPAIO FILHO
[CREATE] CHAPA=4522 NOME=ADRIANO MAURICIO GOMES DO CARMO
[CREATE] CHAPA=06688 NOME=BRUNA RAMOS CASTRO DOS SANTOS
[CREATE] CHAPA=07275 NOME=MILENA XAVIER ARAGAO SILVA
[CREATE] CHAPA=08241 NOME=MICHELLE MONTEIRO DE OLIVEIRA
[CREATE] CHAPA=2892 NOME=DILMA DE JESUS GONCALVES DA SILVA
[CREATE] CHAPA=4339 NOME=PATRICIA ARAUJO DA SILVA MOTA
[CREATE] CHAPA=4751 NOME=EDILENE SANTOS ROCHA
[CREATE] CHAPA=4755 NOME=RAQUEL SANTANA DE SOUZA XAVIER DA SILVA
[CREATE] CHAPA=5871 NOME=MARIA JOSE SANTOS DA SILVA RIBEIRO
[CREATE] CHAPA=4477 NOME=FLAVIA MELO DOS SANTOS
[CREATE] CHAPA=07509 NOME=SANDRO SILVA DE OLIVEIRA
[CREATE] CHAPA=08242 NOME=LUIZA DORR DARZE
[CREATE] CHAPA=08239 NOME=RANIERI RODRIGUES LEAL
[CREATE] CHAPA=07979 NOME=GISELE BATISTA BAHIA
[CREATE] CHAPA=07844 NOME=RAFAEL NEVES DOS SANTOS
[CREATE] CHAPA=08119 NOME=NELY BARBOSA DE MATOS
[CREATE] CHAPA=07303 NOME=FLAVIA DA PAIXAO ALVES
[CREATE] CHAPA=07916 NOME=LEIDIANE NUNES DE ANDRADE
[CREATE] CHAPA=07632 NOME=ANA CAROLINE MARTINEZ MARTINS
[CREATE] CHAPA=08120 NOME=MARIA LUIZA COELHO SANT ANA
[CREATE] CHAPA=08133 NOME=DIEGO MARQUES DE SANTANA
[CREATE] CHAPA=08128 NOME=MARIANA CASTRO DE CASTRO
[CREATE] CHAPA=2806 NOME=JUCINARA INACIO MENEZES
[CREATE] CHAPA=6238 NOME=RUTH SOUSA ARAGAO
[CREATE] CHAPA=08129 NOME=ERICA ANDRADE DE SOUZA
[CREATE] CHAPA=08218 NOME=RENATA SANTOS GUIMARAES
[CREATE] CHAPA=6025 NOME=NATALIA ROSARIO SOUZA
[CREATE] CHAPA=2946 NOME=ADENILDA COUTO BARBOSA PINTO
[CREATE] CHAPA=5667 NOME=PAOLA OLIVEIRA SANTOS
[CREATE] CHAPA=5933 NOME=JULIA DE ARAUJO MACEDO PINTO
[CREATE] CHAPA=5401 NOME=QUEISE BAHIA LIMA
[CREATE] CHAPA=07689 NOME=MARIANA RODRIGUES DOS SANTOS
[CREATE] CHAPA=07828 NOME=LUANA TRINDADE MELO DE SOUSA
[CREATE] CHAPA=08038 NOME=LUNA CRISTINA SANTOS SILVA
[CREATE] CHAPA=5067 NOME=FABIANA ALVES PERIN
[CREATE] CHAPA=08020 NOME=MONIQUE CAVALCANTE DE SOUZA
[CREATE] CHAPA=4401 NOME=MARCIO SANTOS DE SOUZA
[CREATE] CHAPA=5554 NOME=FLAVIA FERREIRA FAGUNDES
[CREATE] CHAPA=07237 NOME=CARLOS ANDRE SILVEIRA FREITAS
[CREATE] CHAPA=07819 NOME=GESSICA ALMEIDA SANTOS
[CREATE] CHAPA=1472 NOME=LUCIANO RAIMUNDO SANTOS GOMES
[CREATE] CHAPA=08077 NOME=GABRIEL PEDRO DOS SANTOS
[CREATE] CHAPA=07167 NOME=OTAVIO DA SILVA SIQUEIRA
[CREATE] CHAPA=07080 NOME=MARCIA ALEXIS DOS SANTOS FERREIRA
[CREATE] CHAPA=06803 NOME=CLAUDIA MARIA CRAVO PINTO DE QUEIROZ
[CREATE] CHAPA=4689 NOME=DIEGO SILVA MENEZES
[CREATE] CHAPA=5591 NOME=POLLYANNA CARVALHO LEAL FIGUEIREDO
[CREATE] CHAPA=1441 NOME=FRANCISCO PAULO DA SILVA RAMALHO
[CREATE] CHAPA=3790 NOME=SARA VIEIRA LIMA SARACENO
[CREATE] CHAPA=4933 NOME=CLAUDIO PORTO SANTOS
[CREATE] CHAPA=07308 NOME=MARIA GABRIELLE CORREIA DA SILVA FERREIRA
[CREATE] CHAPA=08014 NOME=ANNA PAULA DIOMONDES SILVA
[CREATE] CHAPA=4475 NOME=DAISE MARIA BARRETO GOUVEIA
[CREATE] CHAPA=5447 NOME=ITANA ROCHA SACRAMENTO
[CREATE] CHAPA=07963 NOME=ARIANE FELIX DE LIMA SOUSA
[CREATE] CHAPA=06903 NOME=ANA MILA GUIMARAES
[CREATE] CHAPA=07942 NOME=GEORGE DE SOUZA SANTA ROSA
[CREATE] CHAPA=08040 NOME=LUA SANTOS DE SOUSA
[CREATE] CHAPA=07945 NOME=MATHEUS DO ESPIRITO SANTO TELLES
[CREATE] CHAPA=08068 NOME=RAFAEL GODOI DA SILVA
[CREATE] CHAPA=07672 NOME=FLORENCIO DOS SANTOS COSTA
[CREATE] CHAPA=07932 NOME=RAFAELA BARBARA ROCHA ATAIDE
[CREATE] CHAPA=07319 NOME=LUAN GUERRA DE SOUZA
[CREATE] CHAPA=06519 NOME=RENATO DE OLIVEIRA RIBEIRO
[CREATE] CHAPA=6222 NOME=GRAZZIELA JANICE DOS SANTOS
[CREATE] CHAPA=07327 NOME=CARLOS MAGNO ARAUJO DA SILVA
[CREATE] CHAPA=06905 NOME=RICARDO LIMA NASCIMENTO
[CREATE] CHAPA=2105 NOME=LUIZA DE OLIVEIRA KRUSCHEWSKY RIBEIRO
[CREATE] CHAPA=6402 NOME=ANDRE SOLIANI COSTA
[CREATE] CHAPA=5698 NOME=MARGARIDA CARVALHO SOLIANI
[CREATE] CHAPA=4548 NOME=EMANOEL OLIMPIO ALVES DE SOUZA
[CREATE] CHAPA=06481 NOME=MARIANA SOLIANI COSTA
[CREATE] CHAPA=06550 NOME=ISRAEL CARNEIRO SILVA COSTA
[CREATE] CHAPA=5966 NOME=CAIO CESAR GOMES CERQUEIRA E SILVA
[CREATE] CHAPA=06564 NOME=EVELIN CUNHA DA SILVA LISBOA
[CREATE] CHAPA=06573 NOME=ISMAEL DA SILVA GOMES
[CREATE] CHAPA=0720 NOME=MARIA LUCIA SALES BARBOSA OLIVEIRA
[CREATE] CHAPA=4960 NOME=LUCIANA SANTOS E SANTOS
[CREATE] CHAPA=4964 NOME=MARCELA COSTA SANTOS
[CREATE] CHAPA=5843 NOME=EDINALDO AQUINO DOS SANTOS
[CREATE] CHAPA=06473 NOME=LORENA SILVA GOMES
[CREATE] CHAPA=06869 NOME=ADRIANA TEIXEIRA MOREIRA
[CREATE] CHAPA=6405 NOME=VIRGINIA SOUZA SILVA
[CREATE] CHAPA=06801 NOME=ROGELIA BARBOSA MAYA
[CREATE] CHAPA=06518 NOME=MELLANE SANTOS QUEIROZ
[CREATE] CHAPA=06847 NOME=DANIELE FAGUNDES ROCHA
[CREATE] CHAPA=07081 NOME=WILLIAM SOUZA ANDRADE DE LIMA
[CREATE] CHAPA=07336 NOME=FERNANDA VANESSA DOS SANTOS PORTELA
[CREATE] CHAPA=07348 NOME=ALDIRENE TEIXEIRA DE ALMEIDA
[CREATE] CHAPA=07459 NOME=NATALIA PEREIRA DOS SANTOS ALMEIDA
[CREATE] CHAPA=07501 NOME=MARCOS PAULO SANTOS SILVA
[CREATE] CHAPA=07503 NOME=ESTER DE OLIVEIRA DA SILVA SANTANA
[CREATE] CHAPA=07816 NOME=SAMELA MARQUES RODRIGUES DE MIRANDA
[CREATE] CHAPA=07962 NOME=LARISSA ALMEIDA DE ASSIS
[CREATE] CHAPA=08062 NOME=CRISTIANE CUNHA RIOS
[CREATE] CHAPA=08070 NOME=ANA CAROLINA DO NASCIMENTO
[CREATE] CHAPA=08153 NOME=RAFAELA DA TRINDADE ROCHA SANTOS
[CREATE] CHAPA=3155 NOME=KATIA CONCEICAO SAMPAIO ROCHA
[CREATE] CHAPA=4652 NOME=MARIA ADELAIDE DOS SANTOS SOUZA
[CREATE] CHAPA=07347 NOME=JESSICA CORREIA DIAS DE OLIVEIRA
[CREATE] CHAPA=07386 NOME=ISRAEL DE JESUS DOS SANTOS
[CREATE] CHAPA=07418 NOME=LUANA JESUS SANTOS
[CREATE] CHAPA=6055 NOME=RONEY DOS SANTOS LIMA
[CREATE] CHAPA=1680 NOME=PAULA CRISTINA GALVAO CRUZ
[CREATE] CHAPA=07726 NOME=ANANDA SANTOS DE ALMEIDA SOUZA
[CREATE] CHAPA=08103 NOME=AIALA SILVA LOPES
[CREATE] CHAPA=07863 NOME=TALISSON DOS SANTOS SALES
[CREATE] CHAPA=4880 NOME=RENATA BORGES DE OLIVEIRA
[CREATE] CHAPA=07037 NOME=LUCILENE DE OLIVEIRA PESSOA
[CREATE] CHAPA=07833 NOME=WLADIMIR RODRIGUES DE OLIVEIRA
[CREATE] CHAPA=08142 NOME=ELANE DOS SANTOS E SANTOS
[CREATE] CHAPA=08162 NOME=MARIA CLAUDIA JULIAO DOS SANTOS
[CREATE] CHAPA=08246 NOME=MARIA SAMANTHA SANTANA DE CARVALHO
[CREATE] CHAPA=5129 NOME=ANDREA LUIZA NERY LOMBA
[CREATE] CHAPA=5581 NOME=ADELAIDE CRISPINA DOS SANTOS
[CREATE] CHAPA=07515 NOME=JOSELI DIAS DOS SANTOS
[CREATE] CHAPA=06900 NOME=REBECA SANTOS QUINTELA
[CREATE] CHAPA=6111 NOME=FABRICIA SANTOS MATOS
[CREATE] CHAPA=06509 NOME=ADEMILTON COSTA DA SILVA
[CREATE] CHAPA=06574 NOME=DANILO DE JESUS FRANCISCO
[CREATE] CHAPA=06718 NOME=EDSON SANTOS DE MELO
[CREATE] CHAPA=07356 NOME=LUCAS CORREIA GABRIEL DE CARVALHO
[CREATE] CHAPA=07391 NOME=THALES CALIXTO NOBRE SOUZA
[CREATE] CHAPA=07546 NOME=SARA ROSARIO DOS SANTOS
[CREATE] CHAPA=07603 NOME=RAFAEL OLIMPIO ALMEIDA DOS SANTOS
[CREATE] CHAPA=07796 NOME=DANIELLE CASTRO SANTANA
[CREATE] CHAPA=07853 NOME=GUILHERME MATHEUS SERGIO LIMA
[CREATE] CHAPA=07865 NOME=SAMUEL MARQUES RODRIGUES DE MIRANDA
[CREATE] CHAPA=07938 NOME=LEONARDO DE OLIVEIRA MARTINS
[CREATE] CHAPA=07980 NOME=LUIS FILIPE SILVA DOS SANTOS
[CREATE] CHAPA=08109 NOME=GUSTAVO FRANCA SANTOS
[CREATE] CHAPA=5766 NOME=LUCAS ROLIM ESMERALDO COSTA
[CREATE] CHAPA=07768 NOME=FABRICIO ERNANI DA SILVA CASTRO
[CREATE] CHAPA=4831 NOME=MONICA PINHEIRO DE OLIVEIRA BARBOSA
[CREATE] CHAPA=6304 NOME=VANESSA CRISTINA DOS SANTOS
[CREATE] CHAPA=6019 NOME=ERON OLIVEIRA DE MATOS
[CREATE] CHAPA=6068 NOME=JULIANA SUASSUNA MEDRADO
[CREATE] CHAPA=07042 NOME=IAN SANTOS DE ALMEIDA
[CREATE] CHAPA=07797 NOME=FABRICIO DA SILVA SIQUEIRA SANTOS
[CREATE] CHAPA=07815 NOME=TALITA CASTRO FREITAS
[CREATE] CHAPA=07681 NOME=RODRIGO CUNHA DA SILVA
[CREATE] CHAPA=1694 NOME=EMERSON FERREIRA PAIM
[CREATE] CHAPA=3489 NOME=JOSMAU AVELINO DOS SANTOS
[CREATE] CHAPA=07849 NOME=LEVI SANTOS ASSIS SILVA
[CREATE] CHAPA=07798 NOME=AVALOS RODRIGUES GONZAGA
[CREATE] CHAPA=08201 NOME=AMANDA DE ANDRADE COUTINHO
[CREATE] CHAPA=07807 NOME=DAYSE COSTA FERREIRA
[CREATE] CHAPA=07936 NOME=JOSEANE MOREIRA FRANCA
[CREATE] CHAPA=07947 NOME=GISELE SILVA NASCIMENTO
[CREATE] CHAPA=07919 NOME=JOSE NILTON CANDIDO DA CONCEICAO
[CREATE] CHAPA=07682 NOME=RICARDO SANTOS SANTANA
[CREATE] CHAPA=06966 NOME=EGNALDO DA SILVA RIBEIRO
[CREATE] CHAPA=07124 NOME=AMANDA FREITAS CARVALHO LEAL
[CREATE] CHAPA=07183 NOME=BRUNO LEMOS DE SOUZA
[CREATE] CHAPA=07845 NOME=LEONARDO CRUZ DOS SANTOS
[CREATE] CHAPA=07766 NOME=MICHELE DEIRO SANTOS
[CREATE] CHAPA=06695 NOME=LUCAS WESLEI FIRMO DOS SANTOS
[CREATE] CHAPA=06901 NOME=IGOR VIANA COUTINHO DA SILVA
[CREATE] CHAPA=6332 NOME=ALESSANDRA PEREIRA FERREIRA DOS SANTOS
[CREATE] CHAPA=5579 NOME=ELIZEU DE JESUS SOUZA
[CREATE] CHAPA=06624 NOME=CARLOS EMANUEL FONTES SILVA JUNIOR
[CREATE] CHAPA=07715 NOME=CARLOS ALBERTO VIEIRA MACHADO JUNIOR
[CREATE] CHAPA=07700 NOME=PEDRO HENRIQUE DE JESUS ABREU DOS SANTOS
[CREATE] CHAPA=06920 NOME=PATRICK MATOS LEAL
[CREATE] CHAPA=06974 NOME=DANIEL ALEIXO DOS SANTOS SOUZA
[CREATE] CHAPA=07194 NOME=PAULO CESAR DE JESUS SANTANA
[CREATE] CHAPA=07581 NOME=DENISON PEREIRA SILVA
[CREATE] CHAPA=06628 NOME=LUISA ALVES VALENTE
[CREATE] CHAPA=6116 NOME=JEAN CONCEICAO SANTANA
[CREATE] CHAPA=07647 NOME=DAVID SALOMAO DA SILVA E SILVA
[CREATE] CHAPA=08117 NOME=MATHEUS SILVA REZENDE
[CREATE] CHAPA=07305 NOME=TIAGO EFRAIM SA BARRETO ANDRADE
[CREATE] CHAPA=07851 NOME=KAIQUE SANTOS DA CRUZ
[CREATE] CHAPA=07852 NOME=IURI BACELAR DE ANDRADE NEVES BRANDAO
[CREATE] CHAPA=07552 NOME=MATHEUS MAMEDE TEIXEIRA DE JESUS
[CREATE] CHAPA=6202 NOME=MAIARA SANTOS CERQUEIRA
[CREATE] CHAPA=07019 NOME=JORGE BERNARDES LIMA JUNIOR
[CREATE] CHAPA=07645 NOME=IRAN BOMFIM LIMA SANTOS
[CREATE] CHAPA=08039 NOME=LILIAN MENESES DE SOUSA
[CREATE] CHAPA=3946 NOME=ROMENICE DOS SANTOS ROCHA
[CREATE] CHAPA=08048 NOME=ADRIAN DANTAS SILVA
[CREATE] CHAPA=06591 NOME=REGINALDO DA SILVA CERQUEIRA
[CREATE] CHAPA=4599 NOME=LIGIA MARQUES VILAS BOAS
[CREATE] CHAPA=07911 NOME=FABIANA MOREIRA DA SILVA
[CREATE] CHAPA=5405 NOME=ALLANA MACHADO COSTA
[CREATE] CHAPA=06890 NOME=SUELEN DOS SANTOS BRITO
[CREATE] CHAPA=07536 NOME=MAURICIO SENA CAMPOS
[CREATE] CHAPA=06892 NOME=TIAGO OLIVEIRA MAIA
[CREATE] CHAPA=07551 NOME=LARISSA NAIARA DE JESUS SIMOES
[CREATE] CHAPA=07850 NOME=CAMILA ARAUJO DE OLIVEIRA CARNEIRO
[CREATE] CHAPA=08136 NOME=DEISE APOLONIO DA SILVA
[CREATE] CHAPA=4807 NOME=VANESSA SANTOS VALE DE ALMEIDA
[CREATE] CHAPA=06501 NOME=ARUKIA SIBELLE AZEVEDO BARBOSA
[CREATE] CHAPA=07939 NOME=BRUNA MARTINELI RODIGUERO TEIXEIRA
[CREATE] CHAPA=06488 NOME=EDILENO SANTANA CAPISTRANO FILHO
[CREATE] CHAPA=08053 NOME=ANA BEATRIZ ANDRADE DE JESUS
[CREATE] CHAPA=07051 NOME=GISLENE CRISTINA DOS SANTOS LIMA
[CREATE] CHAPA=6009 NOME=FABIANA DA SILVA SANTOS ANDRADE
[CREATE] CHAPA=5041 NOME=LEANDRO DA SILVA OLIVEIRA
[CREATE] CHAPA=6211 NOME=PAULO DOS SANTOS NETO
[CREATE] CHAPA=2907 NOME=CRISTIANE SILVA SANTANA
[CREATE] CHAPA=06529 NOME=MARCIA MARIA LUCIO DE LIMA TEIXEIRA
[CREATE] CHAPA=06563 NOME=JURLENE SANTANA DOS SANTOS
[CREATE] CHAPA=07352 NOME=CARINE FRAGA DE SANTANA SANTOS
[CREATE] CHAPA=07965 NOME=JUFILEIDE CONCEICAO DOS SANTOS
[CREATE] CHAPA=4810 NOME=TATIANA THAIS MARQUES CRUZ
[CREATE] CHAPA=2845 NOME=MARIA DAS GRACAS CERQUEIRA DE SOUZA
[CREATE] CHAPA=06570 NOME=FELIPE LEMOS DE MELO CRUZ
[CREATE] CHAPA=6060 NOME=ANA CARMEN OLIVEIRA DO SACRAMENTO
[CREATE] CHAPA=07471 NOME=LUCIANA FERREIRA MENEZES
[CREATE] CHAPA=06480 NOME=DEISIANE SILVA DE OLIVEIRA ARAGAO
[CREATE] CHAPA=06589 NOME=ALEX ALVES REGALO
[CREATE] CHAPA=07731 NOME=DEYSIANE BARRETO FERREIRA NASCIMENTO
[CREATE] CHAPA=07839 NOME=VALNEI SANTOS DA ENCARNACAO
[CREATE] CHAPA=3916 NOME=JERBSON MANUEL DOS SANTOS
[CREATE] CHAPA=5863 NOME=MARCOS SANTOS VENANCIO
[CREATE] CHAPA=07420 NOME=SILVIA CATIA RODRIGUES GONCALVES
[CREATE] CHAPA=07513 NOME=ALESSANDRA CANTHARINO GRANJO
[CREATE] CHAPA=5674 NOME=ADRIANA LIMA DA CRUZ
[CREATE] CHAPA=6299 NOME=ANDREZA CHAGAS ANDRADE CONCEICAO
[CREATE] CHAPA=07772 NOME=ALAN ALVES DA SILVA
[CREATE] CHAPA=6127 NOME=CRISTIANO SANTANA DO NASCIMENTO
[CREATE] CHAPA=07820 NOME=RAMIRES MACHADO MONTINEGRO CONCEICAO
[CREATE] CHAPA=5607 NOME=TAISE COUTINHO CAIRES LACERDA
[CREATE] CHAPA=06949 NOME=LEONARDO DIAS ALVES
[CREATE] CHAPA=07338 NOME=LETICIA DE OLIVEIRA OWENS
[CREATE] CHAPA=07520 NOME=REBECA LIMA DE QUEIROZ
[CREATE] CHAPA=6057 NOME=PEDRO HENRIQUE DE MORAIS FERREIRA
[CREATE] CHAPA=1760 NOME=URBINO DA ROCHA TUNES
[CREATE] CHAPA=4093 NOME=LEILA BRITO DE QUEIROZ RIBEIRO
[CREATE] CHAPA=07321 NOME=MARISTELA SOUZA SANTOS
[CREATE] CHAPA=07389 NOME=BEATRIZ ANDRADE DA HORA
[CREATE] CHAPA=07937 NOME=GUILHERME SENA GUEDES LIMA
[CREATE] CHAPA=08073 NOME=ELANE DE JESUS SODRE
[CREATE] CHAPA=08170 NOME=AFONSO ARAUJO DE SOUZA MELO
[CREATE] CHAPA=07519 NOME=LUCIENE NASCIMENTO SANTOS OLIVEIRA
[CREATE] CHAPA=06733 NOME=JONATAN DOS SANTOS NEVES
[CREATE] CHAPA=06807 NOME=ERENILSON SANTOS SILVA
[CREATE] CHAPA=07064 NOME=ADRIANO SANTOS DA SILVA
[CREATE] CHAPA=07065 NOME=DEIRLAN SANTOS DA SILVA
[CREATE] CHAPA=06455 NOME=CARLA PEDROZA DE CARVALHO
[CREATE] CHAPA=6008 NOME=JULIANA CRISTINA SOUZA RAMOS LEAL
[CREATE] CHAPA=6262 NOME=GEORGE DE ARAUJO E SILVA
[CREATE] CHAPA=06870 NOME=JESSICA MIRELLA DE SOUZA GOMES
[CREATE] CHAPA=07446 NOME=DIEGO FREITAS DOS SANTOS
[CREATE] CHAPA=5646 NOME=ANDERSON SANTOS DE SOUZA
[CREATE] CHAPA=07791 NOME=ADEILZA DA CONCEICAO LADISLAU
[CREATE] CHAPA=08155 NOME=PATRICIA PRADO LEAL
[CREATE] CHAPA=07333 NOME=VITOR BRANDAO FERREIRA
[CREATE] CHAPA=07901 NOME=IRIS DE JESUS LIMA
[CREATE] CHAPA=08046 NOME=ISAIAS SILVA DE SOUSA
[CREATE] CHAPA=2947 NOME=ARLETE DE JESUS SOUSA
[CREATE] CHAPA=3631 NOME=JOAO PAULO RANGEL DE OLINDA TAVARES
[CREATE] CHAPA=6220 NOME=ANDRE DO ESPIRITO SANTO CORREIA
[CREATE] CHAPA=07986 NOME=ANDRE LUIS HENRIQUE DOS SANTOS
[CREATE] CHAPA=07721 NOME=EDVAN DA SILVA SOARES
[CREATE] CHAPA=5700 NOME=THAISE CRISTINA SILVA FARIAS
[CREATE] CHAPA=06675 NOME=ABEL HENRIQUE MIRANDA DA SILVA
[CREATE] CHAPA=06727 NOME=ALISON MELO DA SILVA
[CREATE] CHAPA=06994 NOME=RAFAELA MELQUIADES FREITAS
[CREATE] CHAPA=07016 NOME=ALANE DA HORA GONCALVES
[CREATE] CHAPA=07239 NOME=ISADORA LUISE BARBOSA DE AMORIM
[CREATE] CHAPA=3059 NOME=PATRICIA VERONICA DE SOUSA FERREIRA
[CREATE] CHAPA=06436 NOME=MARIANA BASTOS SANTOS
[CREATE] CHAPA=07212 NOME=JADE MARIA ANTUNES FONSECA SANTOS
[CREATE] CHAPA=07705 NOME=DIEGO DOS SANTOS LIMA
[CREATE] CHAPA=06713 NOME=LIVIA CAROLINE SILVA DOS REIS BARBOSA
[CREATE] CHAPA=06737 NOME=ALAN MENEZES DO ROSARIO
[CREATE] CHAPA=07112 NOME=JUTAI DA ANUNCIACAO COSTA JUNIOR
[CREATE] CHAPA=07141 NOME=JANDERSON DE OLIVEIRA FLORIANO
[CREATE] CHAPA=07349 NOME=VAGNER ROQUE DE SOUSA TEIXEIRA
[CREATE] CHAPA=07628 NOME=MATHEUS SANTOS SILVA
[CREATE] CHAPA=07960 NOME=BRUNO CAMARA SOARES
[CREATE] CHAPA=08245 NOME=TARCISIO AUGUSTO RAMOS VIEIRA DA SILVA
[CREATE] CHAPA=6047 NOME=ITAMAR DE JESUS OLIVEIRA
[CREATE] CHAPA=07181 NOME=MAIARA SANTOS DA SILVA
[CREATE] CHAPA=07430 NOME=DAVI SANTOS GUIMARAES
[CREATE] CHAPA=07951 NOME=ISAAC NIEL SANTOS ROSAS DE JESUS
[CREATE] CHAPA=6303 NOME=FELIPE NEPOMUCENO NUNES
[CREATE] CHAPA=08005 NOME=CARLOS PERUNA MENDES PEREIRA
[CREATE] CHAPA=06522 NOME=LEILA MARTA SAMPAIO DE ANDRADE
[CREATE] CHAPA=06919 NOME=MICHEL FRANKLIN FIGUEIREDO SANTOS DA SILVA
[CREATE] CHAPA=3418 NOME=MARCIO CARDOSO FERREIRA
[CREATE] CHAPA=07260 NOME=LUANA CORDEIRO MARON
[CREATE] CHAPA=07372 NOME=RENATA MARIA RABELLO DA SILVA LAGO
[CREATE] CHAPA=07381 NOME=RENATA NAVES DE AVILA MENDONCA
[CREATE] CHAPA=07443 NOME=GLEUBER NASCIMENTO ARAUJO SOUSA
[CREATE] CHAPA=07491 NOME=MARIANA SALLES DE ABREU VILLA NOVA
[CREATE] CHAPA=07500 NOME=RITA DE CASSIA MARQUES CARDOSO
[CREATE] CHAPA=07544 NOME=MARIANA DE ALENCAR FONTES
[CREATE] CHAPA=07601 NOME=MAURICIO ROCHA DE CERQUEIRA LIMA SOUZA
[CREATE] CHAPA=07668 NOME=RAFAEL SEQUEIRA AYROSA
[CREATE] CHAPA=07724 NOME=TAINA PERAL MOLINA
[CREATE] CHAPA=07778 NOME=GABRIELA TANAJURA BISCAIA
[CREATE] CHAPA=07806 NOME=TAINA TEIXEIRA VIANA
[CREATE] CHAPA=07860 NOME=DIEGO SANT ANA SODRE
[CREATE] CHAPA=07872 NOME=CAROLINA PEREIRA XAVIER FRANCA
[CREATE] CHAPA=07873 NOME=MARIA LUCIA ANDRADE GUIMARAES NETA
[CREATE] CHAPA=07875 NOME=PRISCILA TEIXEIRA DE QUEIROZ ROCHA
[CREATE] CHAPA=07880 NOME=LUCAS VILLASBOAS DE OLIVEIRA
[CREATE] CHAPA=07886 NOME=IRLANIA PEREIRA DOS SANTOS
[CREATE] CHAPA=07887 NOME=NARA BARBOSA DE ALMEIDA
[CREATE] CHAPA=07890 NOME=JOAO EUDES SANTANA NECO
[CREATE] CHAPA=07894 NOME=VITOR NASCIMENTO LIMA
[CREATE] CHAPA=07927 NOME=CINTHIA DE JESUS VIANNA
[CREATE] CHAPA=07955 NOME=KARLA OLIVEIRA COUTO
[CREATE] CHAPA=08132 NOME=LARISSA TELES MARTINS
[CREATE] CHAPA=08138 NOME=RODRIGO DIAS BITTENCOURT
[CREATE] CHAPA=08151 NOME=LUIZA SAMPAIO BARRETTO MATOS
[CREATE] CHAPA=08163 NOME=BRENDA PEREIRA BARRETO
[CREATE] CHAPA=08207 NOME=CLARA CAROLINE DE CASTRO LIMA RAMOS
[CREATE] CHAPA=08209 NOME=MARINA CHETTO COUTINHO BISPO
[CREATE] CHAPA=08126 NOME=BARBARA MATOS ROMAO
[CREATE] CHAPA=07267 NOME=ADRIANE SOUZA DA PAZ
[CREATE] CHAPA=6181 NOME=AFONSO ROBERTO LIMA BATISTA
[CREATE] CHAPA=07146 NOME=PRISCILA BRANDAO DE JESUS
[CREATE] CHAPA=07904 NOME=BRUNA LETICIA LIMA CARVALHO
[CREATE] CHAPA=08173 NOME=GESSICA SANTOS DA SILVA
[CREATE] CHAPA=2640 NOME=ROMAN KOWALSKI NETO
[CREATE] CHAPA=07245 NOME=DIEGO DOS SANTOS NASCIMENTO
[CREATE] CHAPA=07983 NOME=RAFAEL FRANCISCO DOS SANTOS NETO
[CREATE] CHAPA=08236 NOME=JESSICA BEZERRA FERREIRA
[CREATE] CHAPA=1929 NOME=ANA VERONICA MASCARENHAS BATISTA
[CREATE] CHAPA=07079 NOME=ANDREISA DE AQUINO LIMA
[CREATE] CHAPA=07127 NOME=MICHAEL SANTOS ROCHA
[CREATE] CHAPA=06599 NOME=CEZAR DE JESUS COSTA
[CREATE] CHAPA=06717 NOME=MARCOS DA MOTA DE JESUS
[CREATE] CHAPA=07468 NOME=ALANDERSON DE SOUZA SILVA
[CREATE] CHAPA=07808 NOME=ABEL DE JESUS BARBOSA
[CREATE] CHAPA=6320 NOME=EVANDRO OLIVEIRA ARAGAO
[CREATE] CHAPA=08096 NOME=REBECA AYRES FERREIRA GUSMAO DE SOUZA
[CREATE] CHAPA=5144 NOME=DAIANE DA CONCEICAO SANTANA
[CREATE] CHAPA=07954 NOME=TICIANA COSTA DE ARAUJO
[CREATE] CHAPA=06443 NOME=DEJEANE LEMOS SANTOS DE SOUZA
[CREATE] CHAPA=06750 NOME=GABRIELE FAGUNDES DOS SANTOS LOPES
[CREATE] CHAPA=07732 NOME=ANA CLAUDIA FREITAS DOS SANTOS
[CREATE] CHAPA=5437 NOME=BRUNO MENDES GALVAO
[CREATE] CHAPA=06804 NOME=ARACELI LIMA DE SOUSA MOREIRA
[CREATE] CHAPA=07288 NOME=ANA CAROLINE LUZ SANTOS
[CREATE] CHAPA=07818 NOME=MARIANA DE OLIVEIRA SACRAMENTO
[CREATE] CHAPA=07826 NOME=ERICK SERGIO DE ARAUJO SANTOS
[CREATE] CHAPA=07931 NOME=JOAO VICTOR SANTANA SOUZA DE JESUS
[CREATE] CHAPA=08065 NOME=ROSANGELA DA SILVA PEIXOTO FREITAS
[CREATE] CHAPA=08095 NOME=CARINE SILVA AZEVEDO
[CREATE] CHAPA=08243 NOME=HILA ANUNCIACAO DOS SANTOS COSTA
[CREATE] CHAPA=07982 NOME=CAMILA SILVA MIRANDA
[CREATE] CHAPA=5138 NOME=CARLOS JOSE RIBEIRO BAHIA CORREA
[CREATE] CHAPA=07425 NOME=FELIPE BORGES FRANCO
[CREATE] CHAPA=07240 NOME=LETICIA BIAO SANTOS
[CREATE] CHAPA=0033 NOME=ANA MARIA DE MORAIS FERREIRA
[CREATE] CHAPA=07862 NOME=CARLA DA SILVA LIMA
[CREATE] CHAPA=07864 NOME=VAGNER SANTOS CAJAIBA RODRIGUES
[CREATE] CHAPA=6144 NOME=LIDICE GUEDES LIMA
[CREATE] CHAPA=07129 NOME=VANESSA BRITO LEAL
[CREATE] CHAPA=6229 NOME=HILDA LORENA MOTA FREITAS
[CREATE] CHAPA=06785 NOME=MARIANA CAJUEIRO VIEIRA
[CREATE] CHAPA=07318 NOME=VINICIUS TEOFILO DA SILVA SANTOS
[CREATE] CHAPA=4333 NOME=DANIELLE ROSARIO SOUZA
[CREATE] CHAPA=6204 NOME=GILSON SANTANA ROCHA DE SOUZA
[CREATE] CHAPA=5715 NOME=ADRIANA DE AQUINO LIMA
[CREATE] CHAPA=06603 NOME=GRASIELLE NANO E SILVA MARQUES
[CREATE] CHAPA=06856 NOME=CASSIA CAROLINE DA HORA SOARES
[CREATE] CHAPA=07114 NOME=BARBARA TATIANA PEREIRA DE OLIVEIRA
[CREATE] CHAPA=07428 NOME=SIMONE DIAS DOS SANTOS
[CREATE] CHAPA=08145 NOME=REBECA MARIA SILVA AYRES
[CREATE] CHAPA=08149 NOME=TAMIRES ALMEIDA DA SILVA
[CREATE] CHAPA=08200 NOME=ANA BEATRIZ DE ABREU CARVALHO LIMA
[CREATE] CHAPA=07991 NOME=CAMILA JENNIFER CARVALHO DE JESUS SANTOS
[CREATE] CHAPA=07553 NOME=KRISLEI TAIZ FORTES MONFERDINI
[CREATE] CHAPA=07730 NOME=BIANCA TEIXEIRA DE FREITAS
[CREATE] CHAPA=07198 NOME=LAYANE SANTANA ALVES TEIXEIRA DA SILVA
[CREATE] CHAPA=5875 NOME=ELISABETE DE ARAUJO FIGUEIREDO
[CREATE] CHAPA=07312 NOME=PRISCILA RODRIGUES LEMOS LIMA
[CREATE] CHAPA=07917 NOME=JOSEANE DOS SANTOS XAVIER NEVES
[CREATE] CHAPA=07934 NOME=LUDIMILA COUTINHO MACEDO
[CREATE] CHAPA=07990 NOME=MARIANA ALVES GONZAGA DOS SANTOS
[CREATE] CHAPA=08030 NOME=ANA CAROLINE DE CASTRO ARGOLLO
[CREATE] CHAPA=08156 NOME=LAIS OLIVEIRA SANTANA
[CREATE] CHAPA=06923 NOME=CREMILDA DOS ANJOS PASSOS
[CREATE] CHAPA=08111 NOME=RAFAELA DA SILVA ALMEIDA
[CREATE] CHAPA=07565 NOME=ANDRE CONCEICAO NASCIMENTO
[CREATE] CHAPA=07629 NOME=ADRIAN DE CASTRO ARAUJO
[CREATE] CHAPA=07117 NOME=IANCA DE ALMEIDA CERQUEIRA
[CREATE] CHAPA=08013 NOME=LEALDO BRANDINO CURVELO FILHO
[CREATE] CHAPA=5459 NOME=FABRICIO DOS SANTOS SOUZA NASCIMENTO
[CREATE] CHAPA=3433 NOME=EUCLIDES ANTONIO VIEIRA DE ALMEIDA
[CREATE] CHAPA=06829 NOME=GERSON SILVA RIBEIRO
[CREATE] CHAPA=06558 NOME=GIOVANNA FRANCA CONRADO BUDHINA SANTANA
[CREATE] CHAPA=07137 NOME=JOSE VICENTE FERNANDEZ GARRIDO TEIXEIRA
[CREATE] CHAPA=07145 NOME=CRISTIANO DE OLIVEIRA LIMA
[CREATE] CHAPA=07262 NOME=TAIS DOREA DE CARVALHO SANTOS
[CREATE] CHAPA=1819 NOME=ATSON CARLOS DE SOUZA FERNANDES
[CREATE] CHAPA=4102 NOME=MARIA DE LOURDES DE FREITAS GOMES
[CREATE] CHAPA=06991 NOME=TERESA PAULA WEGELIN
[CREATE] CHAPA=07200 NOME=CARLA CARVALHAL FRANCA ALBAN
[CREATE] CHAPA=08203 NOME=GISSILENE PENA DOS SANTOS
[CREATE] CHAPA=06722 NOME=MARLETE RODRIGUES AZEVEDO
[CREATE] CHAPA=06874 NOME=CRISLANE DA SILVA SANTANA
[CREATE] CHAPA=07106 NOME=IRAILDES SANTOS
[CREATE] CHAPA=07109 NOME=ANA PAULA PINHEIRO DE OLIVEIRA
[CREATE] CHAPA=07562 NOME=SANDRA NECI DOS SANTOS
[CREATE] CHAPA=07583 NOME=ICARO DOS SANTOS MACEDO
[CREATE] CHAPA=07633 NOME=MANUELA DOS SANTOS CUNHA
[CREATE] CHAPA=07641 NOME=KIARA MAIA CRUZ DA SILVA
[CREATE] CHAPA=07718 NOME=ANDERSON ALAFF MAIA ALVES
[CREATE] CHAPA=07811 NOME=ADRIELLE SILVA DE OLIVEIRA
[CREATE] CHAPA=07868 NOME=MILENA NERY SANTANA
[CREATE] CHAPA=07914 NOME=ERICA DA SILVA VIEIRA
[CREATE] CHAPA=08092 NOME=BRENDA STEFANIE DE SOUZA MANGUEIRA
[CREATE] CHAPA=08161 NOME=MARCELA SILVA ALVES
[CREATE] CHAPA=1280 NOME=SOLANGE SANTOS BAHIA
[CREATE] CHAPA=3160 NOME=REINADE SILVA DAMACENA
[CREATE] CHAPA=6113 NOME=JACKSON SANTOS SOUSA
[CREATE] CHAPA=6314 NOME=TATIANA MARIA SILVA VILAS BOAS
[CREATE] CHAPA=06720 NOME=NATHALIA GONCALVES SANTOS
[CREATE] CHAPA=07568 NOME=GISELLE PORTUGAL SANTOS
[CREATE] CHAPA=08042 NOME=FLANCRISLANDE PEREIRA DOS SANTOS
[CREATE] CHAPA=3089 NOME=CAROLINE GASPAR GUERRIERI
[CREATE] CHAPA=1695 NOME=JOSE CLAUDIO DA COSTA SANTANA
[CREATE] CHAPA=5915 NOME=FABRICIO SILVA DOS SANTOS
[CREATE] CHAPA=5246 NOME=MONICA CARVALHO DA SILVA
[CREATE] CHAPA=06744 NOME=BARBARA GEORGEA DE CASTRO MEYER
[CREATE] CHAPA=07388 NOME=ERICA SANTANA DE SOUZA XAVIER DA SILVA
[CREATE] CHAPA=08056 NOME=MIRELLA HELLEN PEREIRA DOS SANTOS SALES
[CREATE] CHAPA=07130 NOME=LUCIANO DE JESUS DA SILVA
[CREATE] CHAPA=08035 NOME=SARA DE SOUZA GOMES
[CREATE] CHAPA=6217 NOME=THAILA GUIMARAES DE OLIVEIRA
[CREATE] CHAPA=07706 NOME=JESLENE SANTOS MOTA
[CREATE] CHAPA=3813 NOME=PAULO SERGIO SOARES DE SOUZA
[CREATE] CHAPA=06993 NOME=MARCUS CAVALCANTI GUSMAO
[CREATE] CHAPA=06714 NOME=SILVANIA JUSTINO DE MORAIS
[CREATE] CHAPA=3959 NOME=LIVIA COSTA DE OLIVEIRA LIMA
[CREATE] CHAPA=6301 NOME=LILIANE SANTOS DA CONCEICAO
[CREATE] CHAPA=07012 NOME=ALLYNE FORLAN ALVES CUNHA
[CREATE] CHAPA=5157 NOME=GILMEIRE VIEIRA DOS REIS
[CREATE] CHAPA=06457 NOME=DANIELA DE SANTANA SANTOS
[CREATE] CHAPA=06516 NOME=LAIRA SENA DA SILVA
[CREATE] CHAPA=5255 NOME=CARLA LETICIA SOUSA DA CONCEICAO
[CREATE] CHAPA=07126 NOME=VIVIANE DOS SANTOS SANTOS
[CREATE] CHAPA=06689 NOME=THAISA NASCIMENTO GUEDES
[CREATE] CHAPA=0846 NOME=EDENICE OLIVEIRA LUZ
[CREATE] CHAPA=3213 NOME=MARIA AUXILIADORA DA SILVA
[CREATE] CHAPA=07561 NOME=EDUARDO BORGES SILVA DAS NEVES
[CREATE] CHAPA=08108 NOME=ARIVALDO BARRETO DE SOUZA
[CREATE] CHAPA=3007 NOME=LUIZ MARCELINO DE JESUS
[CREATE] CHAPA=4842 NOME=RODRIGO DA SILVA FERREIRA
[CREATE] CHAPA=3896 NOME=NADJA FERREIRA
[CREATE] CHAPA=4263 NOME=GERALDO FERREIRA
[CREATE] CHAPA=4868 NOME=SHEILA NERI BARBOSA
[CREATE] CHAPA=3159 NOME=IVONILDES FEIJO SANTOS CUNHA
[CREATE] CHAPA=06821 NOME=VITOR BRITO DOS SANTOS
[CREATE] CHAPA=06972 NOME=INGRID SOUZA PINHEIRO
[CREATE] CHAPA=07307 NOME=JOAO REGIO SOUZA PEREIRA
[CREATE] CHAPA=08060 NOME=FABIO ROBERTO DOS ANJOS SANTOS
[CREATE] CHAPA=5910 NOME=RAMON LIMA DAMASCENO
[CREATE] CHAPA=6210 NOME=ITALO NUNES RODRIGUES
[CREATE] CHAPA=3329 NOME=IVONILDES ALMEIDA SANTOS
[CREATE] CHAPA=07683 NOME=ANDRE SANTOS DA SILVA JUNIOR
[CREATE] CHAPA=6312 NOME=LISIA MARIANA SILVA DE OLIVEIRA
[CREATE] CHAPA=3925 NOME=RAFAEL JOSE PARANHOS DE SOUZA
[CREATE] CHAPA=07263 NOME=DANIEL OLIVEIRA LUSTOSA
[CREATE] CHAPA=07474 NOME=JEAN MENEZES DA SILVA CORREIA
[CREATE] CHAPA=08238 NOME=FRED CARNEIRO DA SILVA
[CREATE] CHAPA=6395 NOME=ELISANGELA DA SILVA
[CREATE] CHAPA=5428 NOME=RAIMUNDA MARIA PANFILO DOS SANTOS
[CREATE] CHAPA=5583 NOME=MARCOS AUGUSTO DOS SANTOS TAVARES
[CREATE] CHAPA=06779 NOME=LUIS ALBERTO DE SOUSA SILVA
[CREATE] CHAPA=06873 NOME=ROSANA TEIXEIRA DOS SANTOS
[CREATE] CHAPA=06924 NOME=MARIVALDO DIAS DA SILVA
[CREATE] CHAPA=07046 NOME=ROSANGELA VELAME DE SOUZA
[CREATE] CHAPA=07128 NOME=CLAUDIA LIMA SILVA
[CREATE] CHAPA=07182 NOME=EDNALVA SANTOS DA SILVA
[CREATE] CHAPA=07203 NOME=SILVANO ALVES DOS SANTOS
[CREATE] CHAPA=07286 NOME=JORGE LUCAS SOUZA AGUIAR
[CREATE] CHAPA=07451 NOME=VALDECI ARAUJO DA SILVA
[CREATE] CHAPA=07559 NOME=ORLEIDE MOTA DO ESPIRITO SANTO
[CREATE] CHAPA=07588 NOME=CRISLANE DOS SANTOS CARNEIRO
[CREATE] CHAPA=07720 NOME=VALDELICE COSTA DE JESUS
[CREATE] CHAPA=07734 NOME=JEFERSON DE JESUS SANTOS
[CREATE] CHAPA=07765 NOME=JEOZADAQUE SOUSA CARVALHO
[CREATE] CHAPA=07785 NOME=MIRIA MARIA DE JESUS SANTANA
[CREATE] CHAPA=07835 NOME=DORIEDSON CORDEIRO DA SILVA
[CREATE] CHAPA=07856 NOME=GILCEMARIA SILVA DE CARVALHO
[CREATE] CHAPA=07961 NOME=SONILDES VINHAS COSTA SANTOS
[CREATE] CHAPA=07981 NOME=EDMARA BISPO DOS SANTOS
[CREATE] CHAPA=08031 NOME=ROBSON DE CASTRO BRANDAO
[CREATE] CHAPA=08047 NOME=ANDRE LUIZ LIMA OEIRAS
[CREATE] CHAPA=08063 NOME=ANA CRISTINA SOARES DE JESUS
[CREATE] CHAPA=08087 NOME=JOAO VITOR VIENA FERREIRA
[CREATE] CHAPA=08088 NOME=MARCELO ARCANJO ARAUJO
[CREATE] CHAPA=08143 NOME=PAULO ANTONIO GUIMARAES DOS SANTOS
[CREATE] CHAPA=08216 NOME=MARCOS TEODORO DOS SANTOS
[CREATE] CHAPA=08217 NOME=DANUBIA MARIA DOS SANTOS
[CREATE] CHAPA=0990 NOME=DENILSON MAURICIO DOS SANTOS
[CREATE] CHAPA=1826 NOME=REGINALDO MONTEIRO DOS REIS FILHO
[CREATE] CHAPA=2833 NOME=TATIANA SANTANA CERQUEIRA
[CREATE] CHAPA=3516 NOME=MARIA DAS GRACAS FERREIRA DE JESUS
[CREATE] CHAPA=3553 NOME=EMANUEL DE SANTANA NOBRE
[CREATE] CHAPA=3672 NOME=LINDINALVA NUNES DOS SANTOS
[CREATE] CHAPA=4003 NOME=EVANILSON REIS SANTOS
[CREATE] CHAPA=4407 NOME=ADRIANA APARECIDA MATOS FERREIRA
[CREATE] CHAPA=4601 NOME=JESSE DOS SANTOS SOUSA
[CREATE] CHAPA=4767 NOME=LEONARDO RAMOS DA CRUZ
[CREATE] CHAPA=4865 NOME=JAILTON SANTANA DOS SANTOS
[CREATE] CHAPA=4876 NOME=SUELI SANTOS DE JESUS
[CREATE] CHAPA=5095 NOME=CARLOS SANCLER DA SILVA
[CREATE] CHAPA=5212 NOME=ORLANDO DA SILVA DE JESUS
[CREATE] CHAPA=5235 NOME=LEONARDO DOS SANTOS SENA
[CREATE] CHAPA=5282 NOME=JOCIENE PEREIRA SILVA
[CREATE] CHAPA=5897 NOME=FRANCILENE OLIVEIRA DE SANTANA
[CREATE] CHAPA=6340 NOME=JOELMA SANTANA DA SILVA
[CREATE] CHAPA=06627 NOME=MARCIA SOUSA SANTOS
[CREATE] CHAPA=07900 NOME=TAIANE PEREIRA DOS SANTOS
[CREATE] CHAPA=07953 NOME=UOSTON LUIZ BARBOSA SANTOS
[CREATE] CHAPA=08016 NOME=FLAVIO CUNHA ALBUQUERQUE
[CREATE] CHAPA=5172 NOME=ELIEZER DA CRUZ BONFIM JUNIOR
[CREATE] CHAPA=5184 NOME=ANDRE VIEIRA DA SILVA
[CREATE] CHAPA=6107 NOME=ANDREA DANTAS DE ALMEIDA
[CREATE] CHAPA=2194 NOME=JUAREZ FIRMINO PEREIRA
[CREATE] CHAPA=07435 NOME=GABRIEL DOS SANTOS FRANCA
[CREATE] CHAPA=07584 NOME=ALAN MICHEL MELO DOS SANTOS
[CREATE] CHAPA=07449 NOME=ISABELA DE CASTRO LIMA
[CREATE] CHAPA=07510 NOME=GEOVANA SANTOS SILVA
[CREATE] CHAPA=07728 NOME=ISADORA RIBEIRO SANTANA
[CREATE] CHAPA=07941 NOME=MARIANA SANTOS DE OLIVEIRA
[CREATE] CHAPA=07160 NOME=JUCINEA DE JESUS VIEIRA
[CREATE] CHAPA=07690 NOME=VANESSA DA SILVA OLIVEIRA
[CREATE] CHAPA=07733 NOME=LORENA CERQUEIRA DOS SANTOS
[CREATE] CHAPA=06866 NOME=CAROLINA BARRETO DE ANDRADE
[CREATE] CHAPA=4566 NOME=CAROLINA PEDROZA DE CARVALHO GARCIA
[CREATE] CHAPA=0488 NOME=MARIA LUISA CARVALHO SOLIANI
[CREATE] CHAPA=07473 NOME=STELLA MARES MARQUES INACIO
[CREATE] CHAPA=07984 NOME=ABEL SALAROLI SOUSA
[CREATE] CHAPA=07966 NOME=HENRIQUE SOUZA GOMES
[CREATE] CHAPA=08019 NOME=DMTRI RODRIGUES PINHEIRO DA SILVA
[CREATE] CHAPA=08058 NOME=ARIELE SANTOS ALELUIA SOUZA
[CREATE] CHAPA=08122 NOME=MARCIO BRITO DE ALMEIDA
[CREATE] CHAPA=6212 NOME=LOUISE AZENHA TANGO DIAS
[CREATE] CHAPA=06610 NOME=CARLA DA SILVA SANTOS
[CREATE] CHAPA=07776 NOME=JOANA BLOISI CARVALHO MEIRELLES
[CREATE] CHAPA=07026 NOME=FERNANDA DE SOUSA CONCEICAO
[CREATE] CHAPA=5936 NOME=GESSICA TAILANA CARVALHO GUIMARAES DE JESUS
[CREATE] CHAPA=6000 NOME=NORMA SUELI OLIVEIRA DA HORA ALVES
[CREATE] CHAPA=08134 NOME=BRUNO DIAS DA CUNHA BOMFIM
[CREATE] CHAPA=06532 NOME=GILBERTO DIAS DE OLIVEIRA
[CREATE] CHAPA=06533 NOME=MARIA PASCHOA DA SILVA
[CREATE] CHAPA=3395 NOME=TANIA MIRANDA DA SILVA
[CREATE] CHAPA=3115 NOME=WESLEY ALVES BARBOSA
[CREATE] CHAPA=06967 NOME=VITOR MAIA RAMOS
[CREATE] CHAPA=3576 NOME=JOSE MARCIONILIO BARBOSA LIMA
[CREATE] CHAPA=06645 NOME=MAILSON BORGES DA SILVA
[CREATE] CHAPA=07867 NOME=THIAGO RODRIGUES DOS SANTOS
[CREATE] CHAPA=6184 NOME=JAMILE DO ESPIRITO SANTO AMORIM
[CREATE] CHAPA=06951 NOME=GABRIELLE SALES BARBOSA
[CREATE] CHAPA=06715 NOME=ITANA DA SILVA GOMES
[CREATE] CHAPA=07306 NOME=IGOR FREITAS DE ALMEIDA
[CREATE] CHAPA=08015 NOME=JOAO VITOR MACEDO MOREIRA
[CREATE] CHAPA=5874 NOME=ANELI SANTOS DA SILVA
[CREATE] CHAPA=5711 NOME=HERBET MENEZES DOREA FILHO
[CREATE] CHAPA=07722 NOME=MARIA SUELI NERI OLIVEIRA
[CREATE] CHAPA=6363 NOME=LUIZ EDUARDO FONTELES RITT
DONE PIPEFY_0009 -> 307305023 stats={'created': 1558, 'updated': 0, 'concluded': 0, 'reactivated': 0, 'ok': 0} dry_run=False

===== PIPEFY_0006 (sync.sync_0006_dependente_odonto) =====
DONE PIPEFY_0006 -> 307305040 stats={'created': 0, 'updated': 0, 'concluded': 0, 'reactivated': 0, 'ok': 372, 'no_titular': 0} dry_run=False

===== PIPEFY_0010 (sync.sync_0010_dependente_saude) =====
[WARN] CPF duplicado no RM (mantém 1º): 09681348583 titular=05205152508
[UPDATE] CPF_DEP=01391157575 id=1451083425 diff=['cpf_titular'] +connector
[UPDATE] CPF_DEP=04836680522 id=1451083428 diff=['cpf_titular'] +connector
[UPDATE] CPF_DEP=07221232563 id=1451083429 diff=['cpf_titular'] +connector
[UPDATE] CPF_DEP=00941511561 id=1451083430 diff=['cpf_titular'] +connector
[UPDATE] CPF_DEP=57640530563 id=1451083433 diff=['cpf_titular'] +connector
[UPDATE] CPF_DEP=06713072585 id=1451083434 diff=['cpf_titular'] +connector
[UPDATE] CPF_DEP=51207206504 id=1451083436 diff=['cpf_titular'] +connector
[UPDATE] CPF_DEP=86685946563 id=1451083438 diff=['cpf_titular'] +connector
[UPDATE] CPF_DEP=07483253525 id=1451083439 diff=['cpf_titular'] +connector
[UPDATE] CPF_DEP=26806258549 id=1451083441 diff=['cpf_titular'] +connector
[UPDATE] CPF_DEP=08972442577 id=1451083443 diff=['cpf_titular'] +connector
[UPDATE] CPF_DEP=01113735570 id=1451083445 diff=['cpf_titular'] +connector
[UPDATE] CPF_DEP=06719203592 id=1451083446 diff=['cpf_titular'] +connector
[UPDATE] CPF_DEP=13204872548 id=1451083447 diff=['cpf_titular'] +connector
[UPDATE] CPF_DEP=12894136579 id=1451083448 diff=['cpf_titular'] +connector
[UPDATE] CPF_DEP=10924560584 id=1451083450 diff=['cpf_titular'] +connector
[UPDATE] CPF_DEP=86140628504 id=1451083452 diff=['cpf_titular'] +connector
[UPDATE] CPF_DEP=04177502502 id=1451083457 diff=['cpf_titular'] +connector
[UPDATE] CPF_DEP=05926084504 id=1451083463 diff=['cpf_titular'] +connector
[UPDATE] CPF_DEP=09230051535 id=1451083464 diff=['cpf_titular'] +connector
[UPDATE] CPF_DEP=44229577591 id=1451083467 diff=['cpf_titular'] +connector
[UPDATE] CPF_DEP=12189290570 id=1451083470 diff=['cpf_titular'] +connector
[UPDATE] CPF_DEP=02932542575 id=1451083471 diff=['cpf_titular'] +connector
[UPDATE] CPF_DEP=59993677515 id=1451083475 diff=['cpf_titular'] +connector
[UPDATE] CPF_DEP=09132720513 id=1451083477 diff=['cpf_titular'] +connector
[UPDATE] CPF_DEP=54330521504 id=1451083480 diff=['cpf_titular'] +connector
[UPDATE] CPF_DEP=12904136576 id=1451083483 diff=['cpf_titular'] +connector
[UPDATE] CPF_DEP=08817856525 id=1451083484 diff=['cpf_titular'] +connector
[UPDATE] CPF_DEP=10787564575 id=1451083486 diff=['cpf_titular'] +connector
[UPDATE] CPF_DEP=08348608567 id=1451083488 diff=['cpf_titular'] +connector
[UPDATE] CPF_DEP=03601912589 id=1451083490 diff=['cpf_titular'] +connector
[UPDATE] CPF_DEP=13493628595 id=1451083493 diff=['cpf_titular'] +connector
[UPDATE] CPF_DEP=02622283512 id=1451083496 diff=['cpf_titular'] +connector
[UPDATE] CPF_DEP=07002245562 id=1451083498 diff=['cpf_titular'] +connector
[UPDATE] CPF_DEP=08202657563 id=1451083501 diff=['cpf_titular'] +connector
[UPDATE] CPF_DEP=07002250566 id=1451083505 diff=['cpf_titular'] +connector
[UPDATE] CPF_DEP=10547621558 id=1451083507 diff=['cpf_titular'] +connector
[UPDATE] CPF_DEP=10560767552 id=1451083510 diff=['cpf_titular'] +connector
[UPDATE] CPF_DEP=04313875590 id=1451083513 diff=['cpf_titular'] +connector
[UPDATE] CPF_DEP=06126473582 id=1451083515 diff=['cpf_titular'] +connector
[UPDATE] CPF_DEP=79801706520 id=1451083520 diff=['cpf_titular'] +connector
[UPDATE] CPF_DEP=09935600599 id=1451083524 diff=['cpf_titular'] +connector
[UPDATE] CPF_DEP=10683156527 id=1451083525 diff=['cpf_titular'] +connector
[UPDATE] CPF_DEP=03883102512 id=1451083527 diff=['cpf_titular'] +connector
[UPDATE] CPF_DEP=08662683592 id=1451083530 diff=['cpf_titular'] +connector
[UPDATE] CPF_DEP=39948633504 id=1451083534 diff=['cpf_titular'] +connector
[UPDATE] CPF_DEP=96566310568 id=1451083538 diff=['cpf_titular'] +connector
[UPDATE] CPF_DEP=13246367507 id=1451083540 diff=['cpf_titular'] +connector
[UPDATE] CPF_DEP=07128451510 id=1451083542 diff=['cpf_titular'] +connector
[UPDATE] CPF_DEP=10603231500 id=1451083545 diff=['cpf_titular'] +connector
[REACTIVATE] CPF_DEP=05285142539 id=1451083549
[REACTIVATE] CPF_DEP=13885622513 id=1451083553
[REACTIVATE] CPF_DEP=07510505550 id=1451083555
[REACTIVATE] CPF_DEP=07102159595 id=1451083557
[REACTIVATE] CPF_DEP=05699074546 id=1451083560
[REACTIVATE] CPF_DEP=39691519534 id=1451083564
[REACTIVATE] CPF_DEP=80128742534 id=1451083565
[REACTIVATE] CPF_DEP=12060561507 id=1451083571
[REACTIVATE] CPF_DEP=86616257509 id=1451083575
[REACTIVATE] CPF_DEP=05450871554 id=1451083579
[REACTIVATE] CPF_DEP=86105722508 id=1451083580
[REACTIVATE] CPF_DEP=05456967553 id=1451083581
[REACTIVATE] CPF_DEP=50604791534 id=1451083583
[REACTIVATE] CPF_DEP=06273593531 id=1451083584
[REACTIVATE] CPF_DEP=07971123590 id=1451083587
[REACTIVATE] CPF_DEP=77996143587 id=1451083588
[REACTIVATE] CPF_DEP=08697053501 id=1451083590
[REACTIVATE] CPF_DEP=13330564512 id=1451083594
[REACTIVATE] CPF_DEP=08331277562 id=1451083595
[REACTIVATE] CPF_DEP=92582532568 id=1451083596
[REACTIVATE] CPF_DEP=03330154527 id=1451083598
[REACTIVATE] CPF_DEP=12749817510 id=1451083601
[REACTIVATE] CPF_DEP=71836744447 id=1451083603
[REACTIVATE] CPF_DEP=89482824504 id=1451083604
[REACTIVATE] CPF_DEP=10356357554 id=1451083605
[REACTIVATE] CPF_DEP=13213617504 id=1451083608
[REACTIVATE] CPF_DEP=02276046520 id=1451083609
[REACTIVATE] CPF_DEP=03352429529 id=1451083611
[REACTIVATE] CPF_DEP=86380372520 id=1451083614
[REACTIVATE] CPF_DEP=40463973810 id=1451083617
[REACTIVATE] CPF_DEP=80521452520 id=1451083620
[REACTIVATE] CPF_DEP=03772770533 id=1451083621
[REACTIVATE] CPF_DEP=05897345554 id=1451083624
[REACTIVATE] CPF_DEP=84150416591 id=1451083626
[REACTIVATE] CPF_DEP=10524636575 id=1451083627
[REACTIVATE] CPF_DEP=16111305492 id=1451083628
[REACTIVATE] CPF_DEP=10563754508 id=1451083631
[REACTIVATE] CPF_DEP=04376620556 id=1451083633
[REACTIVATE] CPF_DEP=13754772503 id=1451083634
[REACTIVATE] CPF_DEP=00470439890 id=1451083636
[REACTIVATE] CPF_DEP=04366830590 id=1451083638
[REACTIVATE] CPF_DEP=09301015536 id=1451083639
[REACTIVATE] CPF_DEP=85809810500 id=1451083640
[REACTIVATE] CPF_DEP=30592557847 id=1451083641
[REACTIVATE] CPF_DEP=00935964568 id=1451083643
[REACTIVATE] CPF_DEP=11542157501 id=1451083645
[REACTIVATE] CPF_DEP=95940812520 id=1451083647
[REACTIVATE] CPF_DEP=10912824557 id=1451083649
[REACTIVATE] CPF_DEP=07928543575 id=1451083651
[REACTIVATE] CPF_DEP=07909059574 id=1451083653
[REACTIVATE] CPF_DEP=13089514508 id=1451083656
[REACTIVATE] CPF_DEP=03702839534 id=1451083657
[REACTIVATE] CPF_DEP=09936853580 id=1451083658
[REACTIVATE] CPF_DEP=62921355515 id=1451083659
[REACTIVATE] CPF_DEP=11049056558 id=1451083661
[REACTIVATE] CPF_DEP=02656341566 id=1451083663
[REACTIVATE] CPF_DEP=61270946587 id=1451083665
[REACTIVATE] CPF_DEP=81461780578 id=1451083667
[REACTIVATE] CPF_DEP=11198878525 id=1451083670
[REACTIVATE] CPF_DEP=10787464511 id=1451083672
[REACTIVATE] CPF_DEP=89317580572 id=1451083673
[REACTIVATE] CPF_DEP=06563721508 id=1451083676
[REACTIVATE] CPF_DEP=79233554520 id=1451083682
[REACTIVATE] CPF_DEP=13034556500 id=1451083683
[REACTIVATE] CPF_DEP=09612638578 id=1451083684
[REACTIVATE] CPF_DEP=84887958587 id=1451083686
[REACTIVATE] CPF_DEP=06908205509 id=1451083688
[REACTIVATE] CPF_DEP=06908211584 id=1451083689
[REACTIVATE] CPF_DEP=57408939504 id=1451083691
[REACTIVATE] CPF_DEP=85971560581 id=1451083693
[REACTIVATE] CPF_DEP=03321764520 id=1451083694
[REACTIVATE] CPF_DEP=10636855597 id=1451083696
[REACTIVATE] CPF_DEP=01666917559 id=1451083698
[REACTIVATE] CPF_DEP=11624053505 id=1451083701
[REACTIVATE] CPF_DEP=01623851530 id=1451083703
[REACTIVATE] CPF_DEP=11710944501 id=1451083706
[REACTIVATE] CPF_DEP=09186142526 id=1451083707
[REACTIVATE] CPF_DEP=02254049585 id=1451083709
[REACTIVATE] CPF_DEP=12250726540 id=1451083712
[REACTIVATE] CPF_DEP=82913978568 id=1451083716
[REACTIVATE] CPF_DEP=11600571506 id=1451083717
[REACTIVATE] CPF_DEP=90219929572 id=1451083719
[REACTIVATE] CPF_DEP=06399997518 id=1451083720
[REACTIVATE] CPF_DEP=13430463513 id=1451083721
[REACTIVATE] CPF_DEP=12684199582 id=1451083724
[REACTIVATE] CPF_DEP=05770136537 id=1451083731
[REACTIVATE] CPF_DEP=02543239529 id=1451083733
[REACTIVATE] CPF_DEP=86298032584 id=1451083734
[REACTIVATE] CPF_DEP=82600520597 id=1451083736
[REACTIVATE] CPF_DEP=10038317532 id=1451083737
[REACTIVATE] CPF_DEP=11086628543 id=1451083739
[REACTIVATE] CPF_DEP=87152363587 id=1451083740
[REACTIVATE] CPF_DEP=11583318518 id=1451083741
[REACTIVATE] CPF_DEP=13225202592 id=1451083743
[REACTIVATE] CPF_DEP=01687022585 id=1451083744
[REACTIVATE] CPF_DEP=07743303500 id=1451083745
[REACTIVATE] CPF_DEP=13801215580 id=1451083746
[REACTIVATE] CPF_DEP=02474186506 id=1451083748
[REACTIVATE] CPF_DEP=09010717577 id=1451083750
[REACTIVATE] CPF_DEP=12062223528 id=1451083752
[REACTIVATE] CPF_DEP=11200568532 id=1451083754
[REACTIVATE] CPF_DEP=01725981505 id=1451083756
[REACTIVATE] CPF_DEP=07324384544 id=1451083758
[REACTIVATE] CPF_DEP=13516279532 id=1451083759
[REACTIVATE] CPF_DEP=56504467846 id=1451083761
[REACTIVATE] CPF_DEP=02799848559 id=1451083766
[REACTIVATE] CPF_DEP=13728988596 id=1451083768
[REACTIVATE] CPF_DEP=01915045568 id=1451083770
[REACTIVATE] CPF_DEP=78743630510 id=1451083772
[REACTIVATE] CPF_DEP=06988513582 id=1451083775
[REACTIVATE] CPF_DEP=06988515526 id=1451083778
[REACTIVATE] CPF_DEP=32882432534 id=1451083782
[REACTIVATE] CPF_DEP=60054867568 id=1451083785
[REACTIVATE] CPF_DEP=06684385509 id=1451083787
[REACTIVATE] CPF_DEP=02630392503 id=1451083790
[REACTIVATE] CPF_DEP=09848313559 id=1451083792
[REACTIVATE] CPF_DEP=91645018504 id=1451083793
[REACTIVATE] CPF_DEP=10831317531 id=1451083795
[REACTIVATE] CPF_DEP=13637521547 id=1451083796
[REACTIVATE] CPF_DEP=01075445558 id=1451083797
[REACTIVATE] CPF_DEP=05734746568 id=1451083798
[REACTIVATE] CPF_DEP=12588723586 id=1451083800
[REACTIVATE] CPF_DEP=13861761505 id=1451083802
[REACTIVATE] CPF_DEP=04103882549 id=1451083804
[REACTIVATE] CPF_DEP=09439132507 id=1451083806
[REACTIVATE] CPF_DEP=06044932583 id=1451083807
[REACTIVATE] CPF_DEP=07699685547 id=1451083809
[REACTIVATE] CPF_DEP=00527921530 id=1451083812
[REACTIVATE] CPF_DEP=12690665522 id=1451083814
[REACTIVATE] CPF_DEP=01432050800 id=1451083817
[REACTIVATE] CPF_DEP=11341267512 id=1451083819
[REACTIVATE] CPF_DEP=01865375578 id=1451083820
[REACTIVATE] CPF_DEP=11427296561 id=1451083822
[REACTIVATE] CPF_DEP=78851033587 id=1451083824
[REACTIVATE] CPF_DEP=12395583502 id=1451083828
[REACTIVATE] CPF_DEP=10565305530 id=1451083831
[REACTIVATE] CPF_DEP=07722396577 id=1451083833
[REACTIVATE] CPF_DEP=12407900588 id=1451083836
[REACTIVATE] CPF_DEP=02264106506 id=1451083838
[REACTIVATE] CPF_DEP=94330921553 id=1451083841
[REACTIVATE] CPF_DEP=12781054500 id=1451083843
[REACTIVATE] CPF_DEP=86527896573 id=1451083844
[REACTIVATE] CPF_DEP=48241130597 id=1451083846
[REACTIVATE] CPF_DEP=49763814553 id=1451083848
[REACTIVATE] CPF_DEP=11902165586 id=1451083852
[REACTIVATE] CPF_DEP=91204984549 id=1451083854
[REACTIVATE] CPF_DEP=10495422584 id=1451083855
[REACTIVATE] CPF_DEP=48907618534 id=1451083858
[REACTIVATE] CPF_DEP=04977328582 id=1451083864
[REACTIVATE] CPF_DEP=86865187539 id=1451083865
[REACTIVATE] CPF_DEP=13839832594 id=1451083867
[REACTIVATE] CPF_DEP=46218467520 id=1451083870
[REACTIVATE] CPF_DEP=86449196521 id=1451083871
[REACTIVATE] CPF_DEP=86260787570 id=1451083873
[REACTIVATE] CPF_DEP=81824602553 id=1451083875
[REACTIVATE] CPF_DEP=10729071510 id=1451083878
[REACTIVATE] CPF_DEP=78484308553 id=1451083880
[REACTIVATE] CPF_DEP=85797387506 id=1451083882
[REACTIVATE] CPF_DEP=11095384562 id=1451083885
[REACTIVATE] CPF_DEP=81198809515 id=1451083887
[REACTIVATE] CPF_DEP=86680885566 id=1451083889
[REACTIVATE] CPF_DEP=86624592508 id=1451083891
[REACTIVATE] CPF_DEP=83003274520 id=1451083893
[REACTIVATE] CPF_DEP=07323455537 id=1451083898
[REACTIVATE] CPF_DEP=12492706508 id=1451083900
[REACTIVATE] CPF_DEP=08001838510 id=1451083902
[REACTIVATE] CPF_DEP=10203853598 id=1451083906
[REACTIVATE] CPF_DEP=14694199803 id=1451083910
[REACTIVATE] CPF_DEP=35828153587 id=1451083912
[REACTIVATE] CPF_DEP=06120948554 id=1451083914
[REACTIVATE] CPF_DEP=03781447588 id=1451083917
[REACTIVATE] CPF_DEP=86689043533 id=1451083918
[REACTIVATE] CPF_DEP=86453828570 id=1451083921
[REACTIVATE] CPF_DEP=05272058500 id=1451083923
[REACTIVATE] CPF_DEP=12069790541 id=1451083924
[REACTIVATE] CPF_DEP=09742831505 id=1451083925
[REACTIVATE] CPF_DEP=00621785717 id=1451083927
[REACTIVATE] CPF_DEP=09742815577 id=1451083929
[REACTIVATE] CPF_DEP=22065342587 id=1451083932
[REACTIVATE] CPF_DEP=08008128593 id=1451083933
[REACTIVATE] CPF_DEP=95050680506 id=1451083935
[REACTIVATE] CPF_DEP=09634589570 id=1451083937
[REACTIVATE] CPF_DEP=06950061501 id=1451083938
[REACTIVATE] CPF_DEP=12874165514 id=1451083942
[REACTIVATE] CPF_DEP=13362873570 id=1451083944
[REACTIVATE] CPF_DEP=01394195435 id=1451083947
[REACTIVATE] CPF_DEP=00947350500 id=1451083951
[REACTIVATE] CPF_DEP=12559152509 id=1451083953
[REACTIVATE] CPF_DEP=13662096560 id=1451083955
[REACTIVATE] CPF_DEP=36266337568 id=1451083959
[REACTIVATE] CPF_DEP=07010306583 id=1451083961
[REACTIVATE] CPF_DEP=05098807549 id=1451083964
[REACTIVATE] CPF_DEP=02768543578 id=1451083965
[REACTIVATE] CPF_DEP=08673402581 id=1451083967
[REACTIVATE] CPF_DEP=05083835878 id=1451083968
[REACTIVATE] CPF_DEP=10543072533 id=1451083969
[REACTIVATE] CPF_DEP=07394027570 id=1451083971
[REACTIVATE] CPF_DEP=07394022501 id=1451083977
[REACTIVATE] CPF_DEP=84246812587 id=1451083980
[REACTIVATE] CPF_DEP=88527867591 id=1451083981
[REACTIVATE] CPF_DEP=05354668549 id=1451083982
[REACTIVATE] CPF_DEP=78366798534 id=1451083984
[REACTIVATE] CPF_DEP=10766646521 id=1451083988
[REACTIVATE] CPF_DEP=11492664570 id=1451083990
[REACTIVATE] CPF_DEP=94842477504 id=1451083992
[REACTIVATE] CPF_DEP=08802266506 id=1451083995
[REACTIVATE] CPF_DEP=10578345560 id=1451083997
[REACTIVATE] CPF_DEP=24874078591 id=1451084000
[REACTIVATE] CPF_DEP=25558099534 id=1451084006
[REACTIVATE] CPF_DEP=81572573520 id=1451084013
[REACTIVATE] CPF_DEP=86405380505 id=1451084016
[REACTIVATE] CPF_DEP=86567079576 id=1451084020
[REACTIVATE] CPF_DEP=07328074507 id=1451084022
[REACTIVATE] CPF_DEP=00863253539 id=1451084024
[REACTIVATE] CPF_DEP=11739447530 id=1451084027
[REACTIVATE] CPF_DEP=06995226500 id=1451084030
[REACTIVATE] CPF_DEP=56629524500 id=1451084036
[REACTIVATE] CPF_DEP=11489282513 id=1451084040
[REACTIVATE] CPF_DEP=08622385523 id=1451084043
[REACTIVATE] CPF_DEP=01865247570 id=1451084049
[REACTIVATE] CPF_DEP=86304478500 id=1451084054
[REACTIVATE] CPF_DEP=24998648500 id=1451084057
[REACTIVATE] CPF_DEP=09835475563 id=1451084060
[REACTIVATE] CPF_DEP=01076759513 id=1451084065
[REACTIVATE] CPF_DEP=13497207551 id=1451084071
[REACTIVATE] CPF_DEP=10411709550 id=1451084073
[REACTIVATE] CPF_DEP=97357812553 id=1451084075
[REACTIVATE] CPF_DEP=07142278544 id=1451084080
[REACTIVATE] CPF_DEP=17491908500 id=1451084084
[REACTIVATE] CPF_DEP=68281501553 id=1451084087
[REACTIVATE] CPF_DEP=86766687525 id=1451084090
[REACTIVATE] CPF_DEP=86766690585 id=1451084094
[REACTIVATE] CPF_DEP=32575637520 id=1451084096
[REACTIVATE] CPF_DEP=06306567542 id=1451084102
[REACTIVATE] CPF_DEP=60295759100 id=1451084106
[REACTIVATE] CPF_DEP=45187831828 id=1451084109
[REACTIVATE] CPF_DEP=89008162504 id=1451084114
[REACTIVATE] CPF_DEP=11067810587 id=1451084119
[REACTIVATE] CPF_DEP=08314083593 id=1451084121
[REACTIVATE] CPF_DEP=74872176472 id=1451084128
[REACTIVATE] CPF_DEP=12804547507 id=1451084131
[REACTIVATE] CPF_DEP=09849747501 id=1451084133
[REACTIVATE] CPF_DEP=10794854575 id=1451084136
[REACTIVATE] CPF_DEP=37428640504 id=1451084140
[REACTIVATE] CPF_DEP=08410710552 id=1451084143
[REACTIVATE] CPF_DEP=06596130509 id=1451084146
[REACTIVATE] CPF_DEP=08360394830 id=1451084150
[REACTIVATE] CPF_DEP=62719017515 id=1451084154
[REACTIVATE] CPF_DEP=06725057543 id=1451084157
[REACTIVATE] CPF_DEP=35417013587 id=1451084160
[REACTIVATE] CPF_DEP=02128960592 id=1451084166
[REACTIVATE] CPF_DEP=11139675524 id=1451084167
[REACTIVATE] CPF_DEP=31561497568 id=1451084170
[REACTIVATE] CPF_DEP=06338221595 id=1451084173
[REACTIVATE] CPF_DEP=10566107511 id=1451084176
[REACTIVATE] CPF_DEP=93767919591 id=1451084180
[REACTIVATE] CPF_DEP=02848099500 id=1451084183
[REACTIVATE] CPF_DEP=12642666506 id=1451084187
[REACTIVATE] CPF_DEP=86645669500 id=1451084189
[REACTIVATE] CPF_DEP=86645673523 id=1451084193
[REACTIVATE] CPF_DEP=37767569500 id=1451084195
[REACTIVATE] CPF_DEP=02740029578 id=1451084199
[REACTIVATE] CPF_DEP=01780646534 id=1451084202
[REACTIVATE] CPF_DEP=86721130556 id=1451084205
[REACTIVATE] CPF_DEP=39443353504 id=1451084207
[REACTIVATE] CPF_DEP=86260689560 id=1451084210
[REACTIVATE] CPF_DEP=13048163549 id=1451084213
[REACTIVATE] CPF_DEP=02311919105 id=1451084215
[REACTIVATE] CPF_DEP=10548591598 id=1451084216
[REACTIVATE] CPF_DEP=06058465532 id=1451084218
[REACTIVATE] CPF_DEP=82976503591 id=1451084221
[REACTIVATE] CPF_DEP=83929258587 id=1451084222
[REACTIVATE] CPF_DEP=49405058800 id=1451084225
[REACTIVATE] CPF_DEP=07436328506 id=1451084229
[REACTIVATE] CPF_DEP=10468012524 id=1451084231
[REACTIVATE] CPF_DEP=10431181527 id=1451084235
[REACTIVATE] CPF_DEP=10038102501 id=1451084241
[REACTIVATE] CPF_DEP=01796888559 id=1451084242
[REACTIVATE] CPF_DEP=09996288528 id=1451084243
[REACTIVATE] CPF_DEP=77897781534 id=1451084244
[REACTIVATE] CPF_DEP=04795985502 id=1451084245
[REACTIVATE] CPF_DEP=10019025564 id=1451084249
[REACTIVATE] CPF_DEP=11254245596 id=1451084252
[REACTIVATE] CPF_DEP=08644405535 id=1451084254
[REACTIVATE] CPF_DEP=11549996533 id=1451084255
[REACTIVATE] CPF_DEP=06255198502 id=1451084258
[REACTIVATE] CPF_DEP=86151491513 id=1451084261
[REACTIVATE] CPF_DEP=02113648512 id=1451084262
[REACTIVATE] CPF_DEP=10467499519 id=1451084267
[REACTIVATE] CPF_DEP=08718838561 id=1451084269
[REACTIVATE] CPF_DEP=12371913510 id=1451084272
[REACTIVATE] CPF_DEP=85944474505 id=1451084274
[REACTIVATE] CPF_DEP=09100336505 id=1451084275
[REACTIVATE] CPF_DEP=08139097594 id=1451084276
[REACTIVATE] CPF_DEP=08139094579 id=1451084278
[REACTIVATE] CPF_DEP=10481626565 id=1451084279
[REACTIVATE] CPF_DEP=11625636563 id=1451084280
[REACTIVATE] CPF_DEP=03105714561 id=1451084282
[REACTIVATE] CPF_DEP=86157596503 id=1451084285
[REACTIVATE] CPF_DEP=86159991558 id=1451084286
[REACTIVATE] CPF_DEP=02866718593 id=1451084287
[REACTIVATE] CPF_DEP=09681348583 id=1451084289
[REACTIVATE] CPF_DEP=09681348583 id=1451084305
[REACTIVATE] CPF_DEP=05205152508 id=1451084291
[REACTIVATE] CPF_DEP=10529526581 id=1451084294
[REACTIVATE] CPF_DEP=22681540500 id=1451084295
[REACTIVATE] CPF_DEP=09597443554 id=1451084297
[REACTIVATE] CPF_DEP=03192820586 id=1451084300
[REACTIVATE] CPF_DEP=40675807549 id=1451084302
[REACTIVATE] CPF_DEP=09871221509 id=1451084304
[REACTIVATE] CPF_DEP=10478071574 id=1451084306
[REACTIVATE] CPF_DEP=89070429500 id=1451084309
[REACTIVATE] CPF_DEP=95482130525 id=1451084313
[REACTIVATE] CPF_DEP=10373739524 id=1451084315
[REACTIVATE] CPF_DEP=10373687540 id=1451084316
[REACTIVATE] CPF_DEP=18252983863 id=1451084319
[REACTIVATE] CPF_DEP=07816474520 id=1451084323
[REACTIVATE] CPF_DEP=07816328540 id=1451084325
[REACTIVATE] CPF_DEP=09503349524 id=1451084327
[REACTIVATE] CPF_DEP=11221375598 id=1451084328
[REACTIVATE] CPF_DEP=68281749504 id=1451084329
[REACTIVATE] CPF_DEP=07680165173 id=1451084332
[REACTIVATE] CPF_DEP=09060633539 id=1451084333
[REACTIVATE] CPF_DEP=28783247572 id=1451084336
[REACTIVATE] CPF_DEP=85933117501 id=1451084340
[REACTIVATE] CPF_DEP=00823511553 id=1451084344
[REACTIVATE] CPF_DEP=10515806501 id=1451084348
[REACTIVATE] CPF_DEP=00823880591 id=1451084351
[REACTIVATE] CPF_DEP=01403836540 id=1451084353
[REACTIVATE] CPF_DEP=09629578522 id=1451084355
[REACTIVATE] CPF_DEP=83836659549 id=1451084358
[REACTIVATE] CPF_DEP=00194697568 id=1451084361
[REACTIVATE] CPF_DEP=07521237501 id=1451084363
[REACTIVATE] CPF_DEP=07315755551 id=1451084368
[REACTIVATE] CPF_DEP=11338102508 id=1451084371
[REACTIVATE] CPF_DEP=02415867551 id=1451084375
[REACTIVATE] CPF_DEP=10548112533 id=1451084378
[REACTIVATE] CPF_DEP=13732675505 id=1451084380
[REACTIVATE] CPF_DEP=03908535000 id=1451084382
[REACTIVATE] CPF_DEP=03330216573 id=1451084387
[REACTIVATE] CPF_DEP=02374396541 id=1451084391
[REACTIVATE] CPF_DEP=12427587559 id=1451084396
[REACTIVATE] CPF_DEP=04761265507 id=1451084399
[REACTIVATE] CPF_DEP=86361572501 id=1451084402
[REACTIVATE] CPF_DEP=13199491502 id=1451084403
[REACTIVATE] CPF_DEP=00769313582 id=1451084405
DONE PIPEFY_0010 -> 307305033 stats={'created': 0, 'updated': 50, 'concluded': 0, 'reactivated': 346, 'ok': 0, 'no_titular': 0} dry_run=False

===== RESUMO =====
PIPEFY_0002: {'created': 0, 'updated': 0, 'concluded': 0, 'reactivated': 0, 'ok': 2}
PIPEFY_0003: {'created': 0, 'updated': 0, 'concluded': 0, 'reactivated': 0, 'ok': 180}
PIPEFY_0004: {'created': 0, 'updated': 0, 'concluded': 0, 'reactivated': 0, 'ok': 224}
PIPEFY_0005: {'created': 0, 'updated': 0, 'concluded': 0, 'reactivated': 0, 'ok': 558}
PIPEFY_0012: {'created': 365, 'updated': 0, 'concluded': 0, 'reactivated': 0, 'ok': 44}
PIPEFY_0001: {'created': 76, 'updated': 89, 'concluded': 4, 'reactivated': 0, 'ok': 1456}
PIPEFY_0011: {'created': 50, 'updated': 0, 'concluded': 0, 'reactivated': 0, 'ok': 0}
PIPEFY_0007: {'created': 14, 'updated': 0, 'concluded': 0, 'reactivated': 0, 'ok': 0}
PIPEFY_0008: {'created': 45, 'updated': 5, 'concluded': 4, 'reactivated': 0, 'ok': 1508}
PIPEFY_0009: {'created': 1558, 'updated': 0, 'concluded': 0, 'reactivated': 0, 'ok': 0}
PIPEFY_0006: {'created': 0, 'updated': 0, 'concluded': 0, 'reactivated': 0, 'ok': 372, 'no_titular': 0}
PIPEFY_0010: {'created': 0, 'updated': 50, 'concluded': 0, 'reactivated': 346, 'ok': 0, 'no_titular': 0}
